GEO.id,Id
GEO.id2,Id2
GEO.display-label,Geography
HD01_VD01,Estimate; Total:
HD02_VD01,Margin of Error; Total:
HD01_VD02,Estimate; Owner occupied:
HD02_VD02,Margin of Error; Owner occupied:
HD01_VD03,Estimate; Owner occupied: - Householder 15 to 24 years
HD02_VD03,Margin of Error; Owner occupied: - Householder 15 to 24 years
HD01_VD04,Estimate; Owner occupied: - Householder 25 to 34 years
HD02_VD04,Margin of Error; Owner occupied: - Householder 25 to 34 years
HD01_VD05,Estimate; Owner occupied: - Householder 35 to 44 years
HD02_VD05,Margin of Error; Owner occupied: - Householder 35 to 44 years
HD01_VD06,Estimate; Owner occupied: - Householder 45 to 54 years
HD02_VD06,Margin of Error; Owner occupied: - Householder 45 to 54 years
HD01_VD07,Estimate; Owner occupied: - Householder 55 to 59 years
HD02_VD07,Margin of Error; Owner occupied: - Householder 55 to 59 years
HD01_VD08,Estimate; Owner occupied: - Householder 60 to 64 years
HD02_VD08,Margin of Error; Owner occupied: - Householder 60 to 64 years
HD01_VD09,Estimate; Owner occupied: - Householder 65 to 74 years
HD02_VD09,Margin of Error; Owner occupied: - Householder 65 to 74 years
HD01_VD10,Estimate; Owner occupied: - Householder 75 to 84 years
HD02_VD10,Margin of Error; Owner occupied: - Householder 75 to 84 years
HD01_VD11,Estimate; Owner occupied: - Householder 85 years and over
HD02_VD11,Margin of Error; Owner occupied: - Householder 85 years and over
HD01_VD12,Estimate; Renter occupied:
HD02_VD12,Margin of Error; Renter occupied:
HD01_VD13,Estimate; Renter occupied: - Householder 15 to 24 years
HD02_VD13,Margin of Error; Renter occupied: - Householder 15 to 24 years
HD01_VD14,Estimate; Renter occupied: - Householder 25 to 34 years
HD02_VD14,Margin of Error; Renter occupied: - Householder 25 to 34 years
HD01_VD15,Estimate; Renter occupied: - Householder 35 to 44 years
HD02_VD15,Margin of Error; Renter occupied: - Householder 35 to 44 years
HD01_VD16,Estimate; Renter occupied: - Householder 45 to 54 years
HD02_VD16,Margin of Error; Renter occupied: - Householder 45 to 54 years
HD01_VD17,Estimate; Renter occupied: - Householder 55 to 59 years
HD02_VD17,Margin of Error; Renter occupied: - Householder 55 to 59 years
HD01_VD18,Estimate; Renter occupied: - Householder 60 to 64 years
HD02_VD18,Margin of Error; Renter occupied: - Householder 60 to 64 years
HD01_VD19,Estimate; Renter occupied: - Householder 65 to 74 years
HD02_VD19,Margin of Error; Renter occupied: - Householder 65 to 74 years
HD01_VD20,Estimate; Renter occupied: - Householder 75 to 84 years
HD02_VD20,Margin of Error; Renter occupied: - Householder 75 to 84 years
HD01_VD21,Estimate; Renter occupied: - Householder 85 years and over
HD02_VD21,Margin of Error; Renter occupied: - Householder 85 years and over
