GEO.id,GEO.id2,GEO.display-label,HD01_VD01,HD02_VD01,HD01_VD02,HD02_VD02,HD01_VD03,HD02_VD03,HD01_VD04,HD02_VD04,HD01_VD05,HD02_VD05,HD01_VD06,HD02_VD06,HD01_VD07,HD02_VD07,HD01_VD08,HD02_VD08,HD01_VD09,HD02_VD09,HD01_VD10,HD02_VD10,HD01_VD11,HD02_VD11,HD01_VD12,HD02_VD12,HD01_VD13,HD02_VD13,HD01_VD14,HD02_VD14,HD01_VD15,HD02_VD15,HD01_VD16,HD02_VD16,HD01_VD17,HD02_VD17,HD01_VD18,HD02_VD18,HD01_VD19,HD02_VD19,HD01_VD20,HD02_VD20,HD01_VD21,HD02_VD21
Id,Id2,Geography,Estimate; Total:,Margin of Error; Total:,Estimate; Owner occupied:,Margin of Error; Owner occupied:,Estimate; Owner occupied: - Householder 15 to 24 years,Margin of Error; Owner occupied: - Householder 15 to 24 years,Estimate; Owner occupied: - Householder 25 to 34 years,Margin of Error; Owner occupied: - Householder 25 to 34 years,Estimate; Owner occupied: - Householder 35 to 44 years,Margin of Error; Owner occupied: - Householder 35 to 44 years,Estimate; Owner occupied: - Householder 45 to 54 years,Margin of Error; Owner occupied: - Householder 45 to 54 years,Estimate; Owner occupied: - Householder 55 to 59 years,Margin of Error; Owner occupied: - Householder 55 to 59 years,Estimate; Owner occupied: - Householder 60 to 64 years,Margin of Error; Owner occupied: - Householder 60 to 64 years,Estimate; Owner occupied: - Householder 65 to 74 years,Margin of Error; Owner occupied: - Householder 65 to 74 years,Estimate; Owner occupied: - Householder 75 to 84 years,Margin of Error; Owner occupied: - Householder 75 to 84 years,Estimate; Owner occupied: - Householder 85 years and over,Margin of Error; Owner occupied: - Householder 85 years and over,Estimate; Renter occupied:,Margin of Error; Renter occupied:,Estimate; Renter occupied: - Householder 15 to 24 years,Margin of Error; Renter occupied: - Householder 15 to 24 years,Estimate; Renter occupied: - Householder 25 to 34 years,Margin of Error; Renter occupied: - Householder 25 to 34 years,Estimate; Renter occupied: - Householder 35 to 44 years,Margin of Error; Renter occupied: - Householder 35 to 44 years,Estimate; Renter occupied: - Householder 45 to 54 years,Margin of Error; Renter occupied: - Householder 45 to 54 years,Estimate; Renter occupied: - Householder 55 to 59 years,Margin of Error; Renter occupied: - Householder 55 to 59 years,Estimate; Renter occupied: - Householder 60 to 64 years,Margin of Error; Renter occupied: - Householder 60 to 64 years,Estimate; Renter occupied: - Householder 65 to 74 years,Margin of Error; Renter occupied: - Householder 65 to 74 years,Estimate; Renter occupied: - Householder 75 to 84 years,Margin of Error; Renter occupied: - Householder 75 to 84 years,Estimate; Renter occupied: - Householder 85 years and over,Margin of Error; Renter occupied: - Householder 85 years and over
1400000US12095010200,12095010200,"Census Tract 102, Orange County, Florida",2673,269,772,155,15,24,35,32,182,86,154,71,130,75,92,54,61,59,89,58,14,22,1901,257,309,156,649,198,257,140,330,147,41,37,38,34,81,57,138,61,58,45
1400000US12095010300,12095010300,"Census Tract 103, Orange County, Florida",1715,155,412,107,0,14,31,30,165,84,63,42,25,20,11,19,56,51,12,18,49,34,1303,163,106,94,358,108,156,72,122,78,79,76,59,38,109,53,166,73,148,57
1400000US12095010400,12095010400,"Census Tract 104, Orange County, Florida",467,65,86,31,0,14,0,14,19,20,11,20,17,24,36,22,3,6,0,14,0,14,381,71,22,24,56,38,84,56,55,46,9,11,35,32,96,31,15,16,9,12
1400000US12095010500,12095010500,"Census Tract 105, Orange County, Florida",506,72,22,23,0,14,0,14,0,14,0,14,4,6,0,14,12,18,6,11,0,14,484,79,10,15,59,43,56,49,135,69,23,22,50,34,126,50,25,28,0,14
1400000US12095010802,12095010802,"Census Tract 108.02, Orange County, Florida",1618,114,815,128,8,13,137,60,203,82,168,58,93,39,58,46,79,60,50,34,19,22,803,129,178,87,252,104,166,78,100,53,40,50,14,16,25,25,28,44,0,14
1400000US12095011000,12095011000,"Census Tract 110, Orange County, Florida",1605,100,696,106,9,14,141,79,145,62,193,65,45,34,35,28,96,43,19,23,13,19,909,127,65,52,449,108,157,77,171,86,28,26,13,20,13,18,13,21,0,14
1400000US12095011100,12095011100,"Census Tract 111, Orange County, Florida",1361,125,738,95,15,24,40,42,132,40,197,70,55,43,69,53,94,47,98,43,38,26,623,144,99,68,162,75,126,79,93,65,28,37,54,37,23,22,28,25,10,15
1400000US12095011200,12095011200,"Census Tract 112, Orange County, Florida",1476,98,1069,122,0,14,62,41,390,101,142,56,125,51,72,37,73,41,165,58,40,28,407,137,12,19,129,91,133,86,108,66,9,13,0,14,6,10,10,15,0,14
1400000US12095011300,12095011300,"Census Tract 113, Orange County, Florida",1960,142,1076,167,0,14,92,77,285,125,269,98,150,59,86,41,110,64,75,46,9,19,884,203,99,88,305,163,207,119,105,77,36,33,32,30,35,35,65,58,0,14
1400000US12095011600,12095011600,"Census Tract 116, Orange County, Florida",1535,133,794,106,0,14,89,65,136,66,140,65,102,57,132,58,125,55,59,40,11,17,741,148,13,20,212,116,126,75,127,81,65,60,24,23,95,64,72,55,7,12
1400000US12095011701,12095011701,"Census Tract 117.01, Orange County, Florida",1292,124,731,89,3,7,0,14,77,51,134,63,120,58,71,53,115,50,173,62,38,30,561,118,26,39,118,77,136,69,102,65,72,44,39,35,39,42,29,28,0,14
1400000US12095011702,12095011702,"Census Tract 117.02, Orange County, Florida",1600,95,550,104,0,14,9,16,99,57,107,68,6,12,32,28,81,39,186,61,30,31,1050,122,63,52,245,94,234,101,218,92,103,58,141,77,38,31,8,14,0,14
1400000US12095012000,12095012000,"Census Tract 120, Orange County, Florida",2003,118,1281,121,0,19,35,46,289,94,366,113,202,66,146,66,143,66,86,50,14,15,722,140,17,28,321,120,115,84,156,85,24,29,41,48,40,42,0,19,8,11
1400000US12095012100,12095012100,"Census Tract 121, Orange County, Florida",1911,154,1006,146,0,19,72,59,186,89,291,129,147,89,58,46,125,60,74,49,53,41,905,175,9,14,237,122,194,109,284,128,38,35,48,58,48,40,33,29,14,23
1400000US12095012201,12095012201,"Census Tract 122.01, Orange County, Florida",1601,129,711,124,0,14,17,23,36,36,225,92,109,64,55,43,128,66,110,61,31,28,890,142,158,106,101,77,380,119,145,108,90,84,10,17,6,16,0,14,0,14
1400000US12095012202,12095012202,"Census Tract 122.02, Orange County, Florida",1435,123,863,98,33,54,47,46,136,66,187,68,196,82,98,56,72,37,72,42,22,22,572,126,76,54,186,89,180,93,67,59,14,17,0,14,28,30,0,14,21,33
1400000US12095012303,12095012303,"Census Tract 123.03, Orange County, Florida",2057,139,1768,146,16,22,322,127,433,146,349,111,164,89,261,107,164,64,53,37,6,10,289,107,50,59,60,49,129,91,14,22,10,16,26,29,0,19,0,19,0,19
1400000US12095012304,12095012304,"Census Tract 123.04, Orange County, Florida",2032,135,966,180,12,20,94,78,159,126,279,92,73,56,152,64,150,86,28,32,19,30,1066,198,73,79,304,148,309,124,135,99,45,45,108,89,0,19,73,65,19,30
1400000US12095012305,12095012305,"Census Tract 123.05, Orange County, Florida",2423,166,1571,201,45,72,257,137,389,150,397,143,129,80,96,58,165,92,56,40,37,32,852,215,119,105,183,130,279,179,144,82,0,19,64,99,63,75,0,19,0,19
1400000US12095012306,12095012306,"Census Tract 123.06, Orange County, Florida",1033,63,776,116,0,14,126,59,91,57,254,84,87,51,82,50,106,44,26,25,4,6,257,104,67,57,76,52,47,46,35,28,26,33,0,14,6,10,0,14,0,14
1400000US12095012307,12095012307,"Census Tract 123.07, Orange County, Florida",2073,187,1001,181,0,19,61,74,111,85,338,126,170,91,128,68,173,70,7,12,13,21,1072,256,51,82,334,135,164,110,341,169,32,49,45,71,63,46,42,68,0,19
1400000US12095012401,12095012401,"Census Tract 124.01, Orange County, Florida",3098,203,1112,187,15,25,155,95,265,127,354,143,60,50,87,58,72,39,84,68,20,30,1986,216,202,99,635,209,515,175,397,156,53,55,129,106,55,42,0,19,0,19
1400000US12095012402,12095012402,"Census Tract 124.02, Orange County, Florida",1929,247,402,138,0,14,52,47,28,39,84,69,24,33,66,54,120,58,14,21,14,21,1527,271,271,151,313,151,334,184,326,125,39,63,87,73,59,43,73,48,25,29
1400000US12095012403,12095012403,"Census Tract 124.03, Orange County, Florida",1562,126,971,127,0,19,47,53,160,88,407,118,126,80,56,43,138,37,23,23,14,17,591,142,74,57,171,88,120,80,109,68,30,40,24,29,41,44,22,29,0,19
1400000US12095012500,12095012500,"Census Tract 125, Orange County, Florida",1188,82,714,110,0,14,18,22,156,75,173,81,18,20,104,53,88,43,67,39,90,63,474,116,49,54,57,41,113,75,74,67,81,56,47,49,53,37,0,14,0,14
1400000US12095012600,12095012600,"Census Tract 126, Orange County, Florida",2226,135,1628,141,0,14,182,88,318,108,329,108,264,102,220,91,150,69,102,58,63,48,598,141,22,35,336,124,51,67,107,91,0,14,37,43,0,14,32,33,13,20
1400000US12095012701,12095012701,"Census Tract 127.01, Orange County, Florida",2371,186,1300,217,0,14,327,157,264,110,296,113,149,71,122,62,43,44,10,18,89,64,1071,230,107,91,334,155,232,109,284,152,38,36,10,16,34,40,16,26,16,26
1400000US12095012800,12095012800,"Census Tract 128, Orange County, Florida",1561,98,1228,112,0,14,72,52,176,63,240,74,187,70,109,47,207,73,129,50,108,52,333,93,18,22,117,57,75,49,104,77,0,14,19,22,0,14,0,14,0,14
1400000US12095012900,12095012900,"Census Tract 129, Orange County, Florida",1454,87,1081,121,0,14,200,82,214,83,302,104,99,53,26,26,88,51,92,40,60,58,373,100,42,39,136,65,100,68,37,30,33,30,8,13,10,17,7,11,0,14
1400000US12095013201,12095013201,"Census Tract 132.01, Orange County, Florida",1333,158,802,143,16,24,77,66,150,90,224,89,140,86,59,47,29,25,83,45,24,27,531,160,87,78,163,115,151,80,42,41,16,25,37,58,35,56,0,14,0,14
1400000US12095013202,12095013202,"Census Tract 132.02, Orange County, Florida",1836,145,841,158,19,30,43,42,155,82,285,104,102,69,73,57,137,66,27,24,0,19,995,174,198,107,298,123,221,110,146,87,41,41,40,44,41,60,3,8,7,16
1400000US12095013300,12095013300,"Census Tract 133, Orange County, Florida",2456,198,1740,213,0,19,56,51,219,115,408,149,96,56,294,110,371,107,296,138,0,19,716,231,81,82,186,127,144,130,81,65,100,101,12,18,58,44,27,31,27,33
1400000US12095013402,12095013402,"Census Tract 134.02, Orange County, Florida",1040,81,732,97,0,14,67,60,86,71,223,90,69,41,71,41,151,68,48,39,17,19,308,107,6,10,93,66,67,65,66,52,38,52,6,11,32,26,0,14,0,14
1400000US12095013403,12095013403,"Census Tract 134.03, Orange County, Florida",1140,88,470,93,8,13,24,22,66,59,130,67,26,26,17,21,61,37,102,43,36,31,670,110,28,34,297,106,76,78,159,84,34,39,39,39,20,21,17,19,0,14
1400000US12095013405,12095013405,"Census Tract 134.05, Orange County, Florida",794,114,204,92,0,14,14,19,39,35,33,39,14,19,41,31,25,27,38,44,0,14,590,110,54,59,122,79,124,68,158,108,46,53,43,65,29,29,14,25,0,14
1400000US12095013406,12095013406,"Census Tract 134.06, Orange County, Florida",1424,96,441,106,0,14,40,43,69,55,107,60,49,51,37,32,102,55,30,30,7,12,983,136,202,118,268,110,123,75,116,67,51,52,23,28,108,75,36,32,56,60
1400000US12095013503,12095013503,"Census Tract 135.03, Orange County, Florida",966,77,11,16,0,14,0,14,0,14,0,14,0,14,0,14,0,14,11,16,0,14,955,80,174,73,236,68,190,70,94,55,27,23,87,52,111,57,36,27,0,14
1400000US12095013505,12095013505,"Census Tract 135.05, Orange County, Florida",1528,152,757,138,24,27,44,43,85,56,131,70,36,50,108,69,176,85,86,37,67,44,771,132,156,104,166,89,177,74,97,73,41,53,62,45,31,39,34,38,7,10
1400000US12095013507,12095013507,"Census Tract 135.07, Orange County, Florida",2605,191,298,103,19,22,95,72,38,28,93,80,0,19,11,19,42,43,0,19,0,19,2307,204,365,152,688,183,484,144,506,159,53,40,68,52,143,92,0,19,0,19
1400000US12095013508,12095013508,"Census Tract 135.08, Orange County, Florida",883,123,64,48,0,14,11,19,2,6,29,41,10,16,0,14,12,17,0,14,0,14,819,120,134,81,305,133,162,80,112,75,72,42,24,26,10,16,0,14,0,14
1400000US12095013509,12095013509,"Census Tract 135.09, Orange County, Florida",566,89,278,90,0,14,25,28,38,47,16,21,25,24,21,23,91,45,62,37,0,14,288,71,47,46,33,37,185,88,0,14,0,14,8,9,5,8,10,15,0,14
1400000US12095013510,12095013510,"Census Tract 135.10, Orange County, Florida",1016,129,208,85,0,14,62,63,0,14,29,35,14,23,60,53,26,34,17,28,0,14,808,135,130,88,413,151,171,107,34,42,31,35,29,36,0,14,0,14,0,14
1400000US12095013511,12095013511,"Census Tract 135.11, Orange County, Florida",1738,142,1306,168,10,17,103,83,179,114,320,121,164,95,158,68,116,61,242,103,14,23,432,143,109,100,44,42,46,37,150,80,53,59,17,26,13,20,0,19,0,19
1400000US12095013512,12095013512,"Census Tract 135.12, Orange County, Florida",2019,157,542,134,0,19,69,69,60,73,57,59,12,24,67,49,165,83,102,81,10,16,1477,170,183,105,590,167,396,164,146,86,76,71,63,55,10,16,0,19,13,20
1400000US12095013603,12095013603,"Census Tract 136.03, Orange County, Florida",2265,161,1268,202,30,48,281,137,86,62,251,130,62,51,104,66,207,80,202,72,45,42,997,172,86,89,409,152,194,130,142,109,28,31,52,51,46,36,25,39,15,24
1400000US12095013604,12095013604,"Census Tract 136.04, Orange County, Florida",2595,206,1292,198,14,23,233,121,152,74,413,123,153,93,116,70,121,58,77,55,13,21,1303,236,222,136,436,192,256,124,174,106,134,105,0,19,0,19,81,63,0,19
1400000US12095013605,12095013605,"Census Tract 136.05, Orange County, Florida",1443,128,575,88,0,14,42,35,148,63,169,61,75,45,28,27,50,27,63,47,0,14,868,142,126,88,209,98,155,96,180,94,32,31,93,73,62,54,0,14,11,18
1400000US12095013606,12095013606,"Census Tract 136.06, Orange County, Florida",1321,76,474,140,0,14,44,48,130,88,75,68,44,45,35,40,63,46,45,41,38,43,847,173,95,106,194,101,314,122,159,101,36,44,7,11,29,35,13,20,0,14
1400000US12095013607,12095013607,"Census Tract 136.07, Orange County, Florida",2052,93,1482,154,0,19,162,110,293,125,399,101,146,66,191,102,215,63,37,33,39,35,570,157,110,78,216,113,93,100,63,76,26,30,0,19,24,29,24,28,14,23
1400000US12095013701,12095013701,"Census Tract 137.01, Orange County, Florida",2078,151,626,154,0,14,161,89,55,53,108,60,81,70,172,76,20,22,18,25,11,17,1452,187,183,100,462,151,353,129,209,113,57,56,55,39,113,91,20,25,0,14
1400000US12095013702,12095013702,"Census Tract 137.02, Orange County, Florida",2047,151,834,130,11,18,214,87,129,69,160,68,64,61,62,46,70,49,87,39,37,33,1213,195,192,110,295,141,219,110,211,111,110,58,65,40,61,53,49,43,11,18
1400000US12095013801,12095013801,"Census Tract 138.01, Orange County, Florida",930,71,538,98,0,14,89,50,109,42,150,56,32,25,19,22,81,36,54,29,4,7,392,85,0,14,179,96,65,47,97,72,7,12,0,14,32,31,12,18,0,14
1400000US12095013802,12095013802,"Census Tract 138.02, Orange County, Florida",1096,66,845,68,0,14,67,42,150,50,187,65,97,48,74,46,132,57,107,42,31,26,251,70,67,61,33,41,98,69,0,14,4,8,9,14,0,14,31,45,9,15
1400000US12095013803,12095013803,"Census Tract 138.03, Orange County, Florida",1099,67,854,74,0,14,79,60,155,47,210,70,59,49,80,50,119,44,152,52,0,14,245,64,0,14,70,42,27,23,81,49,11,17,19,28,17,20,11,16,9,14
1400000US12095013900,12095013900,"Census Tract 139, Orange County, Florida",1760,141,1241,123,13,24,150,72,161,47,159,77,210,88,104,50,203,65,178,62,63,52,519,131,93,78,21,32,153,66,130,88,67,52,25,28,10,16,10,16,10,15
1400000US12095014000,12095014000,"Census Tract 140, Orange County, Florida",2542,132,2265,152,0,19,113,88,297,91,694,159,170,86,263,99,428,114,222,87,78,67,277,112,9,15,67,50,16,23,48,46,40,33,42,42,49,63,6,9,0,19
1400000US12095014100,12095014100,"Census Tract 141, Orange County, Florida",2195,157,1675,218,0,19,61,39,362,143,487,125,181,82,125,59,235,97,185,85,39,35,520,165,37,57,93,69,60,64,217,130,47,49,40,35,13,20,13,21,0,19
1400000US12095014200,12095014200,"Census Tract 142, Orange County, Florida",2928,213,1499,201,18,33,96,61,356,160,384,114,151,92,114,69,187,77,163,69,30,29,1429,200,44,47,456,169,497,178,173,132,86,80,79,71,68,58,16,27,10,15
1400000US12095014301,12095014301,"Census Tract 143.01, Orange County, Florida",1817,168,1195,134,0,14,144,76,209,66,287,86,83,36,132,53,165,65,139,57,36,34,622,157,75,73,105,77,230,125,116,77,35,32,17,20,44,70,0,14,0,14
1400000US12095014302,12095014302,"Census Tract 143.02, Orange County, Florida",1715,104,715,124,0,14,53,52,128,66,169,71,60,40,111,57,104,47,67,39,23,19,1000,144,102,63,185,83,221,105,272,98,67,56,50,37,51,40,45,34,7,11
1400000US12095014400,12095014400,"Census Tract 144, Orange County, Florida",1079,106,802,112,15,17,91,52,68,42,146,58,116,68,92,48,150,82,87,46,37,33,277,94,51,60,26,29,71,53,72,52,0,14,45,57,12,18,0,14,0,14
1400000US12095014502,12095014502,"Census Tract 145.02, Orange County, Florida",1704,183,210,84,0,14,8,14,46,53,27,25,81,68,0,14,35,34,13,21,0,14,1494,193,253,114,265,91,517,143,264,103,95,58,62,53,38,41,0,14,0,14
1400000US12095014503,12095014503,"Census Tract 145.03, Orange County, Florida",1396,196,634,102,0,14,62,54,38,40,91,61,68,59,58,49,155,66,124,49,38,34,762,185,32,49,143,88,240,110,63,50,84,79,103,74,18,22,68,59,11,19
1400000US12095014504,12095014504,"Census Tract 145.04, Orange County, Florida",1443,281,372,149,0,14,82,76,174,120,67,65,24,34,8,15,17,21,0,14,0,14,1071,218,329,162,344,123,218,112,94,87,17,26,57,50,12,19,0,14,0,14
1400000US12095014601,12095014601,"Census Tract 146.01, Orange County, Florida",2195,205,793,147,0,19,174,90,94,70,118,73,78,54,97,60,105,60,91,59,36,32,1402,220,212,128,274,129,405,131,243,120,115,77,57,68,73,62,23,30,0,19
1400000US12095014605,12095014605,"Census Tract 146.05, Orange County, Florida",1381,103,1019,108,6,13,56,41,93,63,204,80,82,57,128,60,264,66,178,56,8,12,362,103,0,14,75,57,138,70,59,51,48,44,0,14,42,30,0,14,0,14
1400000US12095014606,12095014606,"Census Tract 146.06, Orange County, Florida",2988,163,334,107,10,16,48,43,173,78,48,57,14,23,17,24,24,28,0,19,0,19,2654,168,410,125,1042,204,598,166,404,135,83,59,30,29,45,43,42,51,0,19
1400000US12095014607,12095014607,"Census Tract 146.07, Orange County, Florida",2481,222,720,145,0,14,170,106,165,100,155,87,45,42,49,35,124,43,0,14,12,20,1761,219,316,138,526,156,402,150,290,130,108,89,87,69,20,33,12,20,0,14
1400000US12095014608,12095014608,"Census Tract 146.08, Orange County, Florida",1602,113,613,105,0,14,21,26,42,41,146,99,50,44,77,51,202,74,63,39,12,21,989,128,142,71,329,128,286,131,56,47,35,34,54,51,49,47,38,44,0,14
1400000US12095014609,12095014609,"Census Tract 146.09, Orange County, Florida",1983,159,376,109,14,25,34,30,39,46,136,75,13,19,31,36,45,32,64,29,0,19,1607,180,344,140,650,165,309,141,184,96,71,52,38,35,11,18,0,19,0,19
1400000US12095014701,12095014701,"Census Tract 147.01, Orange County, Florida",1800,133,1050,154,0,19,130,73,217,96,263,106,85,50,130,58,115,52,98,39,12,14,750,154,38,35,161,103,209,99,252,108,59,52,9,14,22,20,0,19,0,19
1400000US12095014702,12095014702,"Census Tract 147.02, Orange County, Florida",2279,209,663,148,36,30,191,103,204,111,63,55,11,21,86,72,14,21,58,57,0,19,1616,240,411,166,633,210,192,92,222,100,86,79,26,42,29,32,12,19,5,12
1400000US12095014703,12095014703,"Census Tract 147.03, Orange County, Florida",913,85,152,71,44,47,50,40,31,41,0,14,0,14,27,28,0,14,0,14,0,14,761,83,105,56,343,106,147,65,75,47,36,38,6,11,49,25,0,14,0,14
1400000US12095014704,12095014704,"Census Tract 147.04, Orange County, Florida",5166,368,949,273,62,103,183,113,182,74,131,88,169,94,81,65,70,58,71,115,0,21,4217,366,479,219,1767,297,902,252,661,235,115,85,161,125,99,76,33,39,0,21
1400000US12095014804,12095014804,"Census Tract 148.04, Orange County, Florida",2137,163,940,143,0,19,12,20,211,74,371,104,96,73,91,60,70,51,71,52,18,28,1197,202,56,66,416,151,405,159,198,117,24,26,59,64,0,19,39,35,0,19
1400000US12095014805,12095014805,"Census Tract 148.05, Orange County, Florida",1915,107,728,127,0,19,58,42,142,81,187,78,129,70,38,39,98,42,76,44,0,19,1187,142,74,49,407,117,277,112,190,96,73,69,10,17,103,62,41,33,12,18
1400000US12095014806,12095014806,"Census Tract 148.06, Orange County, Florida",1615,70,1361,117,0,19,68,55,336,91,426,95,133,54,161,61,219,65,18,29,0,19,254,100,86,82,10,17,41,37,105,63,12,18,0,19,0,19,0,19,0,19
1400000US12095014807,12095014807,"Census Tract 148.07, Orange County, Florida",2461,166,1704,196,0,19,205,143,288,130,644,158,125,54,187,93,140,64,101,65,14,22,757,221,100,96,273,141,97,63,239,133,0,19,0,19,20,32,28,33,0,19
1400000US12095014808,12095014808,"Census Tract 148.08, Orange County, Florida",3404,170,2809,185,0,21,54,50,729,123,783,151,584,108,199,79,335,84,125,72,0,21,595,182,23,37,134,105,118,100,116,114,18,30,21,25,84,89,63,55,18,30
1400000US12095014809,12095014809,"Census Tract 148.09, Orange County, Florida",1054,101,889,91,0,14,3,5,84,40,330,61,135,57,123,46,145,59,63,32,6,9,165,56,0,14,27,21,100,44,6,8,22,23,0,14,0,14,10,11,0,14
1400000US12095014810,12095014810,"Census Tract 148.10, Orange County, Florida",1884,108,1796,121,0,19,46,38,390,109,531,124,305,90,262,76,151,71,60,53,51,34,88,72,0,19,26,41,62,57,0,19,0,19,0,19,0,19,0,19,0,19
1400000US12095014811,12095014811,"Census Tract 148.11, Orange County, Florida",1946,128,1774,147,7,13,104,68,370,110,502,170,152,59,235,95,235,88,99,56,70,47,172,79,0,19,80,59,13,20,31,40,31,35,0,19,17,25,0,19,0,19
1400000US12095014812,12095014812,"Census Tract 148.12, Orange County, Florida",2007,165,815,141,0,19,49,45,206,97,221,89,9,21,132,62,113,61,66,75,19,33,1192,178,199,102,261,123,412,124,212,97,87,61,10,17,11,17,0,19,0,19
1400000US12095014813,12095014813,"Census Tract 148.13, Orange County, Florida",1252,143,841,142,18,24,93,63,86,58,148,75,138,70,118,62,139,52,88,46,13,19,411,124,13,21,21,25,192,88,92,62,24,22,27,29,19,25,11,18,12,20
1400000US12095014904,12095014904,"Census Tract 149.04, Orange County, Florida",1802,106,369,73,15,24,56,42,41,42,79,51,22,24,54,44,51,33,31,27,20,21,1433,121,152,77,405,120,373,116,253,81,80,54,22,21,84,61,53,39,11,16
1400000US12095014906,12095014906,"Census Tract 149.06, Orange County, Florida",1898,141,1520,155,31,39,138,77,229,91,391,104,165,76,218,85,161,70,140,56,47,38,378,134,59,65,84,74,138,85,52,51,45,38,0,19,0,19,0,19,0,19
1400000US12095014908,12095014908,"Census Tract 149.08, Orange County, Florida",1889,162,1544,188,21,31,67,57,201,88,417,138,102,60,273,126,301,85,126,71,36,33,345,143,0,19,61,75,90,78,109,75,28,32,0,19,27,29,0,19,30,45
1400000US12095014909,12095014909,"Census Tract 149.09, Orange County, Florida",1003,65,859,103,0,14,29,34,228,104,259,112,115,51,39,32,138,54,51,45,0,14,144,75,0,14,71,71,73,49,0,14,0,14,0,14,0,14,0,14,0,14
1400000US12095015001,12095015001,"Census Tract 150.01, Orange County, Florida",422,69,235,55,0,14,22,21,50,24,88,45,15,21,0,14,33,24,19,29,8,13,187,69,16,20,52,42,66,50,5,8,18,21,0,14,21,30,9,16,0,14
1400000US12095015002,12095015002,"Census Tract 150.02, Orange County, Florida",1515,104,1125,108,0,19,232,72,151,79,420,96,151,72,101,61,70,54,0,19,0,19,390,102,7,12,144,81,113,63,43,34,30,24,0,19,29,20,24,22,0,19
1400000US12095015003,12095015003,"Census Tract 150.03, Orange County, Florida",1850,130,1473,176,15,26,142,97,190,105,461,123,157,75,174,89,182,71,136,54,16,25,377,163,16,28,63,75,130,93,130,107,0,19,0,19,10,15,28,44,0,19
1400000US12095015004,12095015004,"Census Tract 150.04, Orange County, Florida",2478,179,2176,221,20,36,377,116,478,162,613,159,264,124,204,103,155,70,65,45,0,19,302,125,10,15,109,78,16,26,115,96,0,19,21,26,31,36,0,19,0,19
1400000US12095015103,12095015103,"Census Tract 151.03, Orange County, Florida",2650,95,1807,147,0,19,305,130,253,112,632,157,228,99,103,72,133,74,124,72,29,44,843,163,105,88,246,130,227,117,135,99,56,56,39,38,0,19,35,30,0,19
1400000US12095015104,12095015104,"Census Tract 151.04, Orange County, Florida",1816,117,1302,116,0,19,159,70,238,89,285,103,189,78,146,73,189,51,57,34,39,35,514,119,45,52,93,73,106,76,172,78,16,25,20,22,52,48,10,14,0,19
1400000US12095015105,12095015105,"Census Tract 151.05, Orange County, Florida",1204,97,941,133,24,27,93,69,231,120,179,81,117,62,140,59,99,68,58,42,0,14,263,117,31,49,12,17,89,73,48,38,25,27,0,14,33,39,25,28,0,14
1400000US12095015106,12095015106,"Census Tract 151.06, Orange County, Florida",2335,141,1522,167,0,19,281,116,108,69,401,143,300,105,137,95,147,73,148,78,0,19,813,191,59,49,229,116,178,109,138,124,96,86,102,82,11,16,0,19,0,19
1400000US12095015201,12095015201,"Census Tract 152.01, Orange County, Florida",3284,200,1101,156,0,19,234,109,79,52,393,128,94,66,88,60,82,56,103,65,28,31,2183,217,133,89,1001,209,375,184,366,132,156,103,78,56,13,21,61,45,0,19
1400000US12095015202,12095015202,"Census Tract 152.02, Orange County, Florida",2075,163,859,156,0,19,48,46,79,57,128,88,200,108,67,48,99,69,222,82,16,21,1216,168,114,103,276,134,347,158,292,136,3,5,48,52,60,45,63,50,13,20
1400000US12095015300,12095015300,"Census Tract 153, Orange County, Florida",1567,119,1107,104,30,39,154,68,174,60,218,76,191,65,104,49,122,45,85,42,29,25,460,121,0,14,202,81,126,78,52,47,53,46,0,14,9,14,18,21,0,14
1400000US12095015402,12095015402,"Census Tract 154.02, Orange County, Florida",1032,108,498,88,0,14,68,49,57,42,151,64,62,55,51,32,41,27,50,42,18,19,534,105,0,14,157,77,84,74,78,49,0,14,43,36,113,67,44,30,15,17
1400000US12095015501,12095015501,"Census Tract 155.01, Orange County, Florida",2106,158,1493,156,48,43,144,71,204,106,375,116,144,62,143,82,225,66,154,58,56,37,613,137,36,45,271,96,140,84,57,52,0,19,13,21,0,19,82,75,14,22
1400000US12095015601,12095015601,"Census Tract 156.01, Orange County, Florida",747,56,707,62,0,14,35,29,76,39,211,48,133,51,61,40,64,40,81,41,46,34,40,29,0,14,8,10,23,26,0,14,9,11,0,14,0,14,0,14,0,14
1400000US12095015602,12095015602,"Census Tract 156.02, Orange County, Florida",848,59,749,70,0,14,12,15,162,65,171,47,107,41,60,42,92,42,97,42,48,39,99,42,0,14,48,34,16,20,29,26,6,10,0,14,0,14,0,14,0,14
1400000US12095015701,12095015701,"Census Tract 157.01, Orange County, Florida",792,103,657,90,3,7,32,27,45,34,213,67,116,63,22,23,113,58,82,48,31,27,135,56,18,29,59,50,0,14,34,30,9,15,0,14,10,16,5,8,0,14
1400000US12095015702,12095015702,"Census Tract 157.02, Orange County, Florida",643,54,490,56,4,7,22,19,101,38,175,43,53,33,30,26,32,22,73,25,0,14,153,54,18,22,21,22,38,39,46,42,11,20,0,14,19,22,0,14,0,14
1400000US12095015801,12095015801,"Census Tract 158.01, Orange County, Florida",627,57,516,62,3,6,0,14,4,9,141,56,71,33,56,32,126,47,93,49,22,24,111,33,0,14,48,35,0,14,40,39,12,20,11,13,0,14,0,14,0,14
1400000US12095015802,12095015802,"Census Tract 158.02, Orange County, Florida",901,91,789,76,12,20,35,32,107,39,262,59,28,26,89,38,181,40,55,31,20,22,112,62,13,21,54,62,34,27,0,14,11,16,0,14,0,14,0,14,0,14
1400000US12095015901,12095015901,"Census Tract 159.01, Orange County, Florida",1035,114,437,91,0,14,41,33,50,30,33,32,124,60,33,26,104,44,25,25,27,24,598,125,71,64,148,81,86,63,121,73,79,57,38,31,45,46,10,15,0,14
1400000US12095015902,12095015902,"Census Tract 159.02, Orange County, Florida",944,83,347,85,0,14,10,15,37,27,62,58,53,55,66,41,79,34,30,24,10,15,597,101,37,51,197,98,140,71,20,16,44,48,20,19,71,34,68,37,0,14
1400000US12095016001,12095016001,"Census Tract 160.01, Orange County, Florida",557,79,280,59,0,14,13,21,10,8,43,27,23,20,11,12,98,38,64,30,18,19,277,75,121,73,41,32,27,22,48,26,16,24,11,18,10,11,0,14,3,6
1400000US12095016002,12095016002,"Census Tract 160.02, Orange County, Florida",933,84,806,80,0,14,62,33,126,35,167,61,113,67,93,41,170,48,62,41,13,16,127,58,0,14,27,23,45,39,26,26,0,14,13,16,16,26,0,14,0,14
1400000US12095016100,12095016100,"Census Tract 161, Orange County, Florida",2060,176,1358,131,0,14,58,42,226,100,288,93,226,97,157,64,185,75,145,68,73,51,702,159,96,98,121,72,18,29,56,47,17,28,27,41,0,14,94,70,273,102
1400000US12095016200,12095016200,"Census Tract 162, Orange County, Florida",2592,187,1633,144,0,19,65,53,248,78,339,100,202,85,171,86,291,70,238,75,79,52,959,206,345,140,319,143,90,70,131,68,20,26,24,28,13,20,0,19,17,27
1400000US12095016301,12095016301,"Census Tract 163.01, Orange County, Florida",2564,178,1065,140,0,19,113,64,112,86,188,92,142,77,96,80,135,74,181,82,98,59,1499,180,193,116,349,145,218,139,165,95,143,82,66,52,97,60,144,76,124,86
1400000US12095016302,12095016302,"Census Tract 163.02, Orange County, Florida",1595,141,395,89,0,14,44,45,37,35,63,42,56,30,30,27,50,31,72,39,43,54,1200,134,464,133,250,103,264,96,103,67,77,54,24,23,18,18,0,14,0,14
1400000US12095016402,12095016402,"Census Tract 164.02, Orange County, Florida",1029,80,249,65,0,14,0,14,34,28,87,43,0,14,31,26,67,36,24,27,6,10,780,104,208,79,169,76,156,79,148,92,26,36,25,38,34,45,14,22,0,14
1400000US12095016406,12095016406,"Census Tract 164.06, Orange County, Florida",909,84,291,81,21,24,141,74,58,41,3,9,34,30,21,29,13,18,0,14,0,14,618,105,203,85,238,77,87,60,34,34,20,24,6,12,30,31,0,14,0,14
1400000US12095016407,12095016407,"Census Tract 164.07, Orange County, Florida",2218,264,647,113,42,59,55,42,81,66,162,69,160,77,30,33,41,40,76,54,0,14,1571,276,812,191,444,183,87,76,144,53,32,37,12,19,40,47,0,14,0,14
1400000US12095016408,12095016408,"Census Tract 164.08, Orange County, Florida",1017,77,419,62,0,14,46,29,59,49,118,68,26,19,44,37,76,33,29,24,21,23,598,83,239,76,161,86,53,35,74,47,44,52,15,24,12,17,0,14,0,14
1400000US12095016409,12095016409,"Census Tract 164.09, Orange County, Florida",1177,68,996,94,0,14,24,23,140,64,306,98,132,59,109,55,155,55,98,44,32,28,181,78,8,14,75,53,75,54,0,14,14,20,0,14,0,14,9,13,0,14
1400000US12095016410,12095016410,"Census Tract 164.10, Orange County, Florida",2876,180,1461,174,22,38,158,96,161,87,489,122,150,73,163,97,190,81,106,70,22,33,1415,221,522,144,318,125,234,116,162,89,38,59,31,41,77,79,33,49,0,19
1400000US12095016411,12095016411,"Census Tract 164.11, Orange County, Florida",1292,110,615,100,63,43,40,45,100,64,177,72,63,48,99,66,36,25,32,29,5,10,677,123,154,76,196,104,150,90,117,80,39,49,10,15,11,17,0,14,0,14
1400000US12095016412,12095016412,"Census Tract 164.12, Orange County, Florida",1830,65,1398,134,36,35,117,64,352,95,486,118,101,64,96,50,126,52,76,38,8,13,432,132,169,95,137,95,104,79,11,18,5,10,0,19,0,19,6,11,0,19
1400000US12095016503,12095016503,"Census Tract 165.03, Orange County, Florida",1738,183,1108,136,25,36,160,75,93,78,248,111,204,121,130,61,122,65,126,73,0,14,630,169,235,125,250,112,54,68,57,56,10,15,14,21,10,18,0,14,0,14
1400000US12095016504,12095016504,"Census Tract 165.04, Orange County, Florida",1657,126,894,90,8,13,80,58,99,59,226,75,158,77,131,67,145,65,35,30,12,19,763,141,285,118,259,129,58,63,101,83,37,52,5,9,18,22,0,14,0,14
1400000US12095016505,12095016505,"Census Tract 165.05, Orange County, Florida",1173,105,449,55,4,8,33,34,132,56,95,41,69,36,15,15,82,40,19,24,0,14,724,102,444,111,166,74,39,53,64,48,11,17,0,14,0,14,0,14,0,14
1400000US12095016507,12095016507,"Census Tract 165.07, Orange County, Florida",1999,152,1537,153,50,40,209,91,487,95,389,99,117,62,68,48,153,58,57,40,7,12,462,150,120,79,189,107,45,41,71,65,0,21,37,56,0,21,0,21,0,21
1400000US12095016508,12095016508,"Census Tract 165.08, Orange County, Florida",2173,248,1032,190,66,68,172,104,189,138,335,93,130,76,36,36,74,39,30,35,0,19,1141,249,418,120,344,148,174,123,124,102,72,77,9,17,0,19,0,19,0,19
1400000US12095016509,12095016509,"Census Tract 165.09, Orange County, Florida",1937,167,1647,181,0,14,73,60,181,99,280,131,228,123,189,84,291,99,257,116,148,71,290,120,29,36,97,76,11,20,0,14,9,15,76,70,60,44,8,13,0,14
1400000US12095016510,12095016510,"Census Tract 165.10, Orange County, Florida",1214,166,13,21,0,14,0,14,0,14,0,14,0,14,13,21,0,14,0,14,0,14,1201,165,748,173,264,107,39,37,110,81,12,21,0,14,0,14,0,14,28,17
1400000US12095016511,12095016511,"Census Tract 165.11, Orange County, Florida",1153,183,544,106,15,24,142,78,91,56,72,58,43,39,124,59,13,21,11,18,33,36,609,147,295,115,148,71,54,48,90,73,0,14,22,31,0,14,0,14,0,14
1400000US12095016601,12095016601,"Census Tract 166.01, Orange County, Florida",3397,182,2720,211,26,42,467,162,573,148,744,174,197,109,236,115,333,95,103,62,41,65,677,180,114,100,107,81,104,75,201,136,48,44,41,34,62,62,0,21,0,21
1400000US12095016602,12095016602,"Census Tract 166.02, Orange County, Florida",3165,192,2450,222,0,19,311,153,557,149,686,165,211,75,252,103,332,105,101,59,0,19,715,208,80,72,190,108,285,153,120,103,0,19,14,22,14,23,0,19,12,18
1400000US12095016704,12095016704,"Census Tract 167.04, Orange County, Florida",4934,305,3407,254,61,88,645,190,943,208,945,225,352,151,158,78,244,84,46,43,13,21,1527,367,70,61,624,217,436,219,216,124,55,46,57,53,43,50,26,41,0,21
1400000US12095016709,12095016709,"Census Tract 167.09, Orange County, Florida",2257,162,1656,256,45,54,161,132,375,171,431,143,269,121,146,81,155,87,49,59,25,39,601,193,75,79,134,114,252,132,62,52,41,48,8,19,29,48,0,19,0,19
1400000US12095016710,12095016710,"Census Tract 167.10, Orange County, Florida",1405,79,1238,89,24,21,304,89,230,77,309,94,169,69,82,46,87,36,27,24,6,9,167,79,0,14,40,36,39,38,61,57,0,14,0,14,8,13,19,31,0,14
1400000US12095016712,12095016712,"Census Tract 167.12, Orange County, Florida",3098,274,1276,239,46,44,201,117,256,136,379,143,124,74,44,42,132,82,81,53,13,20,1822,255,509,182,586,158,263,135,297,129,33,26,80,72,54,45,0,19,0,19
1400000US12095016713,12095016713,"Census Tract 167.13, Orange County, Florida",2460,165,1621,189,15,24,391,140,266,97,343,120,140,79,100,57,219,85,98,54,49,47,839,185,12,20,255,122,318,128,194,121,0,19,49,48,11,18,0,19,0,19
1400000US12095016714,12095016714,"Census Tract 167.14, Orange County, Florida",1032,74,692,100,11,19,42,30,97,56,289,102,69,38,19,23,112,53,53,32,0,14,340,93,23,31,45,31,158,81,63,46,0,14,32,30,19,26,0,14,0,14
1400000US12095016715,12095016715,"Census Tract 167.15, Orange County, Florida",2175,174,1546,232,14,23,126,93,261,140,356,120,203,113,232,135,288,103,27,30,39,35,629,217,91,102,268,150,128,108,128,117,0,19,14,24,0,19,0,19,0,19
1400000US12095016716,12095016716,"Census Tract 167.16, Orange County, Florida",1857,104,1630,132,9,16,109,73,244,118,398,117,256,82,142,61,240,76,178,80,54,33,227,99,32,47,15,16,150,88,17,20,13,25,0,19,0,19,0,19,0,19
1400000US12095016717,12095016717,"Census Tract 167.17, Orange County, Florida",935,71,722,93,52,70,70,46,264,77,134,52,74,44,67,37,56,35,5,7,0,14,213,82,0,14,43,40,109,62,17,23,0,14,0,14,12,14,32,50,0,14
1400000US12095016723,12095016723,"Census Tract 167.23, Orange County, Florida",1789,39,1519,99,45,66,144,83,264,93,312,111,177,82,143,83,109,51,238,75,87,79,270,98,11,17,98,70,112,84,37,34,12,22,0,19,0,19,0,19,0,19
1400000US12095016724,12095016724,"Census Tract 167.24, Orange County, Florida",1936,202,749,125,0,19,102,54,221,124,149,62,14,25,49,46,119,59,79,50,16,25,1187,182,260,119,568,162,140,80,98,73,62,45,21,34,29,32,9,14,0,19
1400000US12095016727,12095016727,"Census Tract 167.27, Orange County, Florida",4020,280,885,194,54,52,155,97,222,146,244,102,39,41,33,38,22,36,80,80,36,61,3135,329,674,203,1339,317,419,188,348,193,60,66,171,151,102,84,22,40,0,21
1400000US12095016728,12095016728,"Census Tract 167.28, Orange County, Florida",1779,102,1610,124,43,43,286,131,207,104,439,137,139,86,195,86,251,82,39,34,11,21,169,88,0,19,61,60,73,51,0,19,21,39,0,19,0,19,14,23,0,19
1400000US12095016729,12095016729,"Census Tract 167.29, Orange County, Florida",5042,354,3146,242,64,70,324,147,1017,217,949,208,285,139,153,81,309,100,45,39,0,21,1896,323,501,281,429,170,571,235,182,102,39,40,51,62,123,121,0,21,0,21
1400000US12095016730,12095016730,"Census Tract 167.30, Orange County, Florida",9485,376,7541,491,90,75,1445,409,2353,406,2070,313,387,143,614,202,382,131,200,219,0,25,1944,435,348,189,585,202,544,244,192,117,158,133,56,59,44,71,17,27,0,25
1400000US12095016731,12095016731,"Census Tract 167.31, Orange County, Florida",1039,187,735,124,10,18,192,85,198,99,184,76,26,34,9,18,116,34,0,19,0,19,304,153,34,34,86,68,42,54,120,100,0,19,22,27,0,19,0,19,0,19
1400000US12095016732,12095016732,"Census Tract 167.32, Orange County, Florida",5079,189,4025,300,71,65,688,201,1306,340,953,226,422,187,228,121,258,118,42,47,57,52,1054,271,152,93,567,205,101,77,159,89,14,23,45,73,16,25,0,21,0,21
1400000US12095016733,12095016733,"Census Tract 167.33, Orange County, Florida",1925,175,1761,183,39,62,212,119,249,140,333,113,132,93,141,82,364,121,154,83,137,88,164,107,30,49,43,50,55,53,0,19,0,19,0,19,9,19,13,21,14,22
1400000US12095016734,12095016734,"Census Tract 167.34, Orange County, Florida",4242,208,3002,376,34,40,580,235,685,248,669,210,346,188,292,125,311,209,46,40,39,44,1240,377,86,80,287,162,343,177,373,215,54,46,20,29,47,71,30,43,0,21
1400000US12095016802,12095016802,"Census Tract 168.02, Orange County, Florida",2055,163,1429,179,0,19,114,74,446,108,317,109,71,51,263,100,188,99,30,29,0,19,626,174,0,19,161,97,247,109,130,103,43,43,12,18,33,39,0,19,0,19
1400000US12095016803,12095016803,"Census Tract 168.03, Orange County, Florida",836,91,536,104,0,14,25,21,146,78,177,83,39,27,37,32,61,35,51,32,0,14,300,84,46,43,57,44,76,53,69,47,13,19,7,13,16,18,16,23,0,14
1400000US12095016804,12095016804,"Census Tract 168.04, Orange County, Florida",1452,98,1147,117,33,47,147,60,223,87,373,114,108,54,142,59,74,34,42,29,5,8,305,104,0,14,143,82,71,48,59,48,23,21,9,13,0,14,0,14,0,14
1400000US12095016806,12095016806,"Census Tract 168.06, Orange County, Florida",3570,287,2132,314,14,22,356,115,506,180,469,153,317,178,163,89,233,106,61,47,13,20,1438,238,63,63,308,148,422,190,363,216,143,104,50,48,48,49,41,38,0,21
1400000US12095016807,12095016807,"Census Tract 168.07, Orange County, Florida",4742,316,3517,357,48,59,710,303,789,255,804,192,375,218,226,146,359,139,183,113,23,37,1225,302,63,58,159,129,507,282,214,127,120,100,75,65,54,71,0,21,33,56
1400000US12095016902,12095016902,"Census Tract 169.02, Orange County, Florida",1576,96,769,104,29,43,79,54,81,47,226,88,49,45,73,47,133,52,66,51,33,27,807,109,90,54,203,82,252,102,142,73,21,28,78,56,11,16,0,19,10,17
1400000US12095016903,12095016903,"Census Tract 169.03, Orange County, Florida",4551,299,917,174,0,21,60,70,129,80,250,124,188,94,58,52,163,81,53,48,16,25,3634,301,510,197,1134,301,945,270,766,251,89,78,115,79,46,48,29,35,0,21
1400000US12095016904,12095016904,"Census Tract 169.04, Orange County, Florida",1217,113,631,96,27,27,44,46,53,48,180,71,101,50,75,46,72,37,54,48,25,39,586,120,55,62,129,83,140,73,122,81,57,63,17,25,49,42,17,19,0,14
1400000US12095016906,12095016906,"Census Tract 169.06, Orange County, Florida",1419,154,129,67,0,14,25,28,29,30,24,40,40,45,0,14,11,17,0,14,0,14,1290,159,107,69,606,154,267,112,184,90,55,53,27,27,34,24,0,14,10,15
1400000US12095016907,12095016907,"Census Tract 169.07, Orange County, Florida",2119,165,240,115,0,19,14,22,52,63,69,56,19,31,10,16,39,57,37,44,0,19,1879,196,419,155,530,162,357,151,262,101,117,69,102,74,34,38,58,63,0,19
1400000US12095017001,12095017001,"Census Tract 170.01, Orange County, Florida",945,127,524,111,27,43,21,24,72,44,153,78,37,43,80,54,102,54,21,23,11,16,421,117,55,45,55,37,228,114,37,29,10,16,14,22,5,9,8,12,9,14
1400000US12095017004,12095017004,"Census Tract 170.04, Orange County, Florida",2261,138,1366,145,0,14,156,86,147,97,233,91,128,85,162,68,174,94,172,79,194,77,895,185,311,153,140,91,203,111,88,73,32,38,35,38,64,63,22,36,0,14
1400000US12095017006,12095017006,"Census Tract 170.06, Orange County, Florida",1281,140,589,123,13,21,38,32,198,71,243,77,49,50,18,21,30,32,0,14,0,14,692,147,62,51,202,102,201,102,142,67,48,44,12,19,8,14,17,26,0,14
1400000US12095017008,12095017008,"Census Tract 170.08, Orange County, Florida",2737,192,1451,196,59,56,177,112,205,79,486,175,62,46,144,78,241,112,35,38,42,45,1286,200,169,109,442,165,277,141,201,104,58,67,10,18,25,29,91,94,13,20
1400000US12095017011,12095017011,"Census Tract 170.11, Orange County, Florida",1733,125,1402,150,11,14,140,97,252,102,519,115,66,54,188,65,160,66,47,32,19,20,331,127,0,19,95,72,68,63,21,33,41,55,19,22,43,52,27,26,17,20
1400000US12095017012,12095017012,"Census Tract 170.12, Orange County, Florida",878,126,782,124,0,14,61,48,100,52,297,132,73,43,90,49,150,61,11,15,0,14,96,66,0,14,0,14,19,24,59,51,18,27,0,14,0,14,0,14,0,14
1400000US12095017013,12095017013,"Census Tract 170.13, Orange County, Florida",2561,112,1444,197,0,19,87,66,299,154,442,135,164,80,193,94,184,91,44,34,31,34,1117,223,98,93,331,155,439,173,172,88,26,32,17,23,34,41,0,19,0,19
1400000US12095017014,12095017014,"Census Tract 170.14, Orange County, Florida",4131,369,1657,217,11,20,144,93,315,139,627,183,111,58,154,90,240,98,55,42,0,21,2474,371,155,134,1100,284,394,152,385,203,68,67,217,224,83,81,72,70,0,21
1400000US12095017015,12095017015,"Census Tract 170.15, Orange County, Florida",2317,189,1563,177,0,19,130,84,294,105,585,157,247,122,132,58,50,42,125,74,0,19,754,172,47,39,154,98,242,139,140,73,51,72,14,18,18,22,88,82,0,19
1400000US12095017016,12095017016,"Census Tract 170.16, Orange County, Florida",3523,289,2487,292,0,19,198,88,496,260,673,194,449,173,95,62,303,121,174,86,99,86,1036,254,146,96,257,120,323,148,219,162,39,46,17,26,0,19,13,22,22,36
1400000US12095017017,12095017017,"Census Tract 170.17, Orange County, Florida",2334,327,281,175,40,66,72,53,108,148,9,15,13,20,13,22,26,28,0,19,0,19,2053,301,260,149,854,220,343,167,350,217,95,71,39,36,55,48,57,51,0,19
1400000US12095017103,12095017103,"Census Tract 171.03, Orange County, Florida",4142,366,2127,306,71,78,343,123,525,192,452,149,187,120,197,88,180,106,147,84,25,35,2015,321,276,163,419,134,617,215,330,169,42,50,143,138,120,115,39,38,29,33
1400000US12095017104,12095017104,"Census Tract 171.04, Orange County, Florida",7256,328,6230,360,24,29,877,251,2269,342,1503,301,555,182,416,140,307,150,209,127,70,102,1026,284,73,92,243,130,389,228,270,150,16,21,17,28,18,29,0,25,0,25
1400000US12095017105,12095017105,"Census Tract 171.05, Orange County, Florida",4015,289,3267,328,0,21,453,172,1115,252,922,248,232,146,200,94,241,116,92,60,12,15,748,226,43,50,168,98,161,88,266,176,31,31,64,99,15,26,0,21,0,21
1400000US12095017107,12095017107,"Census Tract 171.07, Orange County, Florida",2554,184,2072,196,0,19,154,94,292,101,636,144,343,128,287,114,238,107,122,68,0,19,482,140,14,22,162,103,145,90,75,78,8,17,10,16,52,43,16,25,0,19
1400000US12095017108,12095017108,"Census Tract 171.08, Orange County, Florida",2435,193,1793,152,18,32,85,62,422,130,390,175,283,102,268,96,210,74,117,62,0,19,642,166,40,48,260,147,227,118,45,40,70,82,0,19,0,19,0,19,0,19
1400000US12095017109,12095017109,"Census Tract 171.09, Orange County, Florida",2160,175,1971,176,0,19,94,74,303,129,628,173,277,113,225,98,221,77,143,90,80,59,189,107,0,19,74,58,29,38,80,90,6,10,0,19,0,19,0,19,0,19
1400000US12095017200,12095017200,"Census Tract 172, Orange County, Florida",1199,128,680,127,29,34,109,54,104,59,162,53,92,44,76,43,46,33,53,39,9,15,519,101,28,31,189,87,80,53,87,58,28,32,67,50,40,43,0,14,0,14
1400000US12095017300,12095017300,"Census Tract 173, Orange County, Florida",3826,275,1845,248,19,31,219,99,273,150,392,134,163,85,203,103,276,96,230,79,70,49,1981,289,227,150,595,239,469,192,384,138,60,47,23,28,96,83,84,70,43,40
1400000US12095017400,12095017400,"Census Tract 174, Orange County, Florida",3234,217,2483,243,0,21,406,171,664,144,485,158,249,121,205,114,334,131,109,62,31,27,751,191,54,67,268,134,221,128,45,40,45,57,96,94,0,21,22,24,0,21
1400000US12095017501,12095017501,"Census Tract 175.01, Orange County, Florida",3018,220,2362,250,28,33,407,161,526,162,576,172,157,82,309,164,217,94,104,64,38,35,656,227,0,19,222,158,199,108,175,122,23,37,14,23,23,27,0,19,0,19
1400000US12095017503,12095017503,"Census Tract 175.03, Orange County, Florida",2208,153,1264,171,17,28,72,64,277,123,325,109,195,90,75,60,236,96,67,42,0,19,944,198,152,115,212,132,233,124,220,126,46,50,15,24,66,73,0,19,0,19
1400000US12095017504,12095017504,"Census Tract 175.04, Orange County, Florida",2717,146,2039,199,13,23,265,116,527,139,581,155,196,120,62,45,252,83,129,76,14,23,678,185,57,94,225,140,156,112,112,84,116,110,0,19,12,20,0,19,0,19
1400000US12095017600,12095017600,"Census Tract 176, Orange County, Florida",1410,127,817,132,18,24,78,70,205,78,107,66,109,57,63,48,159,77,51,31,27,24,593,140,69,45,77,60,197,79,62,53,90,58,35,45,56,54,7,11,0,14
1400000US12095017701,12095017701,"Census Tract 177.01, Orange County, Florida",1682,117,1530,123,39,43,205,86,368,86,347,98,84,52,251,100,197,71,35,27,4,7,152,91,0,19,83,70,30,46,20,23,10,16,0,19,0,19,0,19,9,14
1400000US12095017702,12095017702,"Census Tract 177.02, Orange County, Florida",862,45,768,76,0,14,37,30,132,59,208,64,115,70,81,36,146,58,38,31,11,12,94,55,11,17,10,15,12,18,24,22,32,49,0,14,5,8,0,14,0,14
1400000US12095017703,12095017703,"Census Tract 177.03, Orange County, Florida",1473,144,951,154,0,14,185,112,142,73,232,92,164,93,18,23,95,50,102,68,13,20,522,133,16,25,209,112,102,79,84,101,11,17,22,24,54,45,18,20,6,9
1400000US12095017802,12095017802,"Census Tract 178.02, Orange County, Florida",5292,264,4483,292,36,33,675,204,1061,213,930,224,432,194,390,154,426,135,382,131,151,134,809,233,9,14,218,134,173,140,240,153,28,33,0,21,104,96,37,43,0,21
1400000US12095017804,12095017804,"Census Tract 178.04, Orange County, Florida",3011,194,2595,208,21,34,213,113,563,133,825,149,327,138,173,83,329,109,70,56,74,82,416,175,0,19,83,85,107,106,162,135,15,24,15,25,18,30,16,27,0,19
1400000US12095017805,12095017805,"Census Tract 178.05, Orange County, Florida",1084,76,896,72,12,19,160,83,151,74,238,73,70,38,105,50,113,45,32,23,15,17,188,74,25,40,28,42,91,59,18,22,10,15,0,14,7,11,9,14,0,14
1400000US12095017806,12095017806,"Census Tract 178.06, Orange County, Florida",1621,92,1519,102,0,14,125,62,303,100,410,101,209,78,182,70,222,60,68,38,0,14,102,65,0,14,7,12,75,66,10,16,10,16,0,14,0,14,0,14,0,14
1400000US12095017807,12095017807,"Census Tract 178.07, Orange County, Florida",1192,91,856,111,72,54,145,85,139,80,154,61,144,86,107,48,56,42,39,28,0,14,336,116,66,43,91,73,88,63,36,31,0,14,24,25,31,49,0,14,0,14
1400000US12095017808,12095017808,"Census Tract 178.08, Orange County, Florida",1474,68,1188,117,11,17,148,49,219,84,207,71,187,64,161,61,112,47,125,53,18,21,286,109,46,65,0,14,40,35,107,79,35,55,0,14,18,20,6,9,34,43
1400000US12095017901,12095017901,"Census Tract 179.01, Orange County, Florida",878,113,782,104,27,43,20,36,134,52,159,68,121,60,127,59,152,46,31,27,11,17,96,45,10,17,40,34,34,44,0,14,0,14,6,11,0,14,0,14,6,12
1400000US12095017902,12095017902,"Census Tract 179.02, Orange County, Florida",2629,211,2091,234,0,19,65,54,211,145,122,80,240,119,187,103,627,144,442,121,197,81,538,190,51,81,223,143,87,77,18,28,45,42,32,52,31,35,0,19,51,48
1400000US12095018000,12095018000,"Census Tract 180, Orange County, Florida",1082,97,390,65,0,14,28,20,50,29,82,46,47,34,58,37,64,36,29,23,32,22,692,104,34,38,256,81,131,67,149,74,37,36,36,29,26,19,13,18,10,15
1400000US12095018100,12095018100,"Census Tract 181, Orange County, Florida",1131,89,863,92,0,14,89,53,165,52,243,63,64,39,112,56,87,46,90,39,13,19,268,74,10,16,60,47,11,17,55,47,31,36,0,14,0,14,55,49,46,42
1400000US12095018200,12095018200,"Census Tract 182, Orange County, Florida",4160,238,1725,205,5,8,186,87,493,136,384,146,238,85,119,44,178,86,117,72,5,9,2435,278,311,125,823,203,678,229,240,106,149,85,68,50,108,67,37,33,21,24
1400000US12095018300,12095018300,"Census Tract 183, Orange County, Florida",921,94,416,105,0,14,85,66,30,41,116,59,29,33,70,56,24,24,44,34,18,21,505,113,3,6,89,62,102,67,106,77,60,42,8,18,72,46,46,37,19,24
1400000US12095018400,12095018400,"Census Tract 184, Orange County, Florida",1106,77,550,81,0,14,116,58,122,63,81,43,52,36,85,55,43,26,36,29,15,19,556,102,12,16,193,83,81,58,20,17,0,14,60,58,95,50,69,35,26,25
1400000US12095018500,12095018500,"Census Tract 185, Orange County, Florida",1253,117,263,83,0,14,35,35,33,39,48,33,45,32,30,27,59,37,13,19,0,14,990,136,76,60,195,87,138,69,388,127,75,64,71,38,47,43,0,14,0,14
1400000US12095018700,12095018700,"Census Tract 187, Orange County, Florida",2072,113,771,120,0,19,105,61,48,35,105,65,129,49,77,42,113,57,145,66,49,33,1301,142,102,64,329,100,220,74,154,76,90,58,53,41,189,79,129,70,35,40
1400000US12095018800,12095018800,"Census Tract 188, Orange County, Florida",1560,105,634,92,19,29,98,49,219,58,85,42,97,45,51,32,49,34,7,11,9,13,926,116,145,75,441,111,167,86,88,53,16,17,33,23,22,19,14,16,0,14
1400000US12095018900,12095018900,"Census Tract 189, Orange County, Florida",2946,232,731,140,20,25,78,42,137,80,215,94,98,49,55,43,83,49,16,22,29,24,2215,230,153,94,768,155,301,123,106,77,159,82,138,61,220,89,237,80,133,66
1400000US12095990000,12095990000,"Census Tract 9900, Orange County, Florida",0,14,0,14,0,14,0,14,0,14,0,14,0,14,0,14,0,14,0,14,0,14,0,14,0,14,0,14,0,14,0,14,0,14,0,14,0,14,0,14,0,14
