GEO.id,Id
GEO.id2,Id2
GEO.display-label,Geography
VD01,Total:
VD02,Owner occupied:
VD03,Owner occupied: - Householder 15 to 24 years
VD04,Owner occupied: - Householder 25 to 34 years
VD05,Owner occupied: - Householder 35 to 44 years
VD06,Owner occupied: - Householder 45 to 54 years
VD07,Owner occupied: - Householder 55 to 64 years
VD08,Owner occupied: - Householder 65 to 74 years
VD09,Owner occupied: - Householder 75 to 84 years
VD10,Owner occupied: - Householder 85 years and over
VD11,Renter occupied:
VD12,Renter occupied: - Householder 15 to 24 years
VD13,Renter occupied: - Householder 25 to 34 years
VD14,Renter occupied: - Householder 35 to 44 years
VD15,Renter occupied: - Householder 45 to 54 years
VD16,Renter occupied: - Householder 55 to 64 years
VD17,Renter occupied: - Householder 65 to 74 years
VD18,Renter occupied: - Householder 75 to 84 years
VD19,Renter occupied: - Householder 85 years and over
