GEO.id,GEO.id2,GEO.display-label,POPGROUP.id,POPGROUP.display-label,HD01_VD02,HD02_VD02,HD01_VD03,HD02_VD03,HD01_VD04,HD02_VD04,HD01_VD05,HD02_VD05,HD01_VD06,HD02_VD06
Id,Id2,Geography,Id,Population Group,Estimate; Median household income in the past 12 months (in 2010 inflation-adjusted dollars) -- - Total:,Margin of Error; Median household income in the past 12 months (in 2010 inflation-adjusted dollars) -- - Total:,Estimate; Median household income in the past 12 months (in 2010 inflation-adjusted dollars) -- - Householder under 25 years,Margin of Error; Median household income in the past 12 months (in 2010 inflation-adjusted dollars) -- - Householder under 25 years,Estimate; Median household income in the past 12 months (in 2010 inflation-adjusted dollars) -- - Householder 25 to 44 years,Margin of Error; Median household income in the past 12 months (in 2010 inflation-adjusted dollars) -- - Householder 25 to 44 years,Estimate; Median household income in the past 12 months (in 2010 inflation-adjusted dollars) -- - Householder 45 to 64 years,Margin of Error; Median household income in the past 12 months (in 2010 inflation-adjusted dollars) -- - Householder 45 to 64 years,Estimate; Median household income in the past 12 months (in 2010 inflation-adjusted dollars) -- - Householder 65 years and over,Margin of Error; Median household income in the past 12 months (in 2010 inflation-adjusted dollars) -- - Householder 65 years and over
1400000US12095010200,12095010200,"Census Tract 102, Orange County, Florida",001,Total population,55133,6152,37256,2412,75871,10618,50000,18258,31908,14155
1400000US12095010300,12095010300,"Census Tract 103, Orange County, Florida",001,Total population,44335,14237,42574,36586,61875,13487,50357,69023,16542,10055
1400000US12095010400,12095010400,"Census Tract 104, Orange County, Florida",001,Total population,14385,3072,-,**,25104,21853,12019,9699,11597,5050
1400000US12095010500,12095010500,"Census Tract 105, Orange County, Florida",001,Total population,15863,3054,-,**,25450,18646,15650,12560,9427,3746
1400000US12095010802,12095010802,"Census Tract 108.02, Orange County, Florida",001,Total population,52140,6877,33929,12805,71196,19291,40625,18507,20750,14120
1400000US12095011000,12095011000,"Census Tract 110, Orange County, Florida",001,Total population,42181,8948,58646,18211,54688,14493,32857,7335,25333,16498
1400000US12095011100,12095011100,"Census Tract 111, Orange County, Florida",001,Total population,52381,14921,32328,5009,65641,14172,57171,15865,43491,14517
1400000US12095011200,12095011200,"Census Tract 112, Orange County, Florida",001,Total population,61996,8459,62321,11865,67604,23943,88304,28585,35327,12070
1400000US12095011300,12095011300,"Census Tract 113, Orange County, Florida",001,Total population,67902,13032,27401,10391,78318,11297,68080,12046,42679,11042
1400000US12095011600,12095011600,"Census Tract 116, Orange County, Florida",001,Total population,29091,6871,16607,19999,40339,19722,31528,9284,20515,10101
1400000US12095011701,12095011701,"Census Tract 117.01, Orange County, Florida",001,Total population,26289,4710,9052,9237,22664,9858,30469,8352,26759,9988
1400000US12095011702,12095011702,"Census Tract 117.02, Orange County, Florida",001,Total population,19278,3156,11298,9188,18934,7365,17377,5535,22472,6342
1400000US12095012000,12095012000,"Census Tract 120, Orange County, Florida",001,Total population,33910,3053,32854,36888,38056,6836,32708,6537,31183,5830
1400000US12095012100,12095012100,"Census Tract 121, Orange County, Florida",001,Total population,33639,8367,31801,46248,36731,10068,42367,13539,18188,4630
1400000US12095012201,12095012201,"Census Tract 122.01, Orange County, Florida",001,Total population,32430,7275,32336,29865,26792,36653,35273,8850,30795,12960
1400000US12095012202,12095012202,"Census Tract 122.02, Orange County, Florida",001,Total population,35595,5733,21372,6197,35648,8708,44300,22096,40893,5774
1400000US12095012303,12095012303,"Census Tract 123.03, Orange County, Florida",001,Total population,58280,8657,27102,43478,69621,16205,60108,3293,24438,5246
1400000US12095012304,12095012304,"Census Tract 123.04, Orange County, Florida",001,Total population,42581,2967,42069,70595,41760,11034,46736,8661,38125,17810
1400000US12095012305,12095012305,"Census Tract 123.05, Orange County, Florida",001,Total population,36258,3985,4613,6092,35018,9567,47043,21320,24205,15563
1400000US12095012306,12095012306,"Census Tract 123.06, Orange County, Florida",001,Total population,60548,7891,-,**,47147,11774,61969,6076,56477,13457
1400000US12095012307,12095012307,"Census Tract 123.07, Orange County, Florida",001,Total population,34150,5276,7325,25015,30179,7951,41118,15436,38194,23820
1400000US12095012401,12095012401,"Census Tract 124.01, Orange County, Florida",001,Total population,36411,3398,27022,6170,39613,4761,38438,7914,22829,7488
1400000US12095012402,12095012402,"Census Tract 124.02, Orange County, Florida",001,Total population,34084,3823,18372,12593,34915,4771,40503,6942,26065,14024
1400000US12095012403,12095012403,"Census Tract 124.03, Orange County, Florida",001,Total population,40648,7387,47623,77503,35691,7125,47696,8148,19453,23771
1400000US12095012500,12095012500,"Census Tract 125, Orange County, Florida",001,Total population,44920,6460,-,**,57500,33557,43224,17857,41377,3394
1400000US12095012600,12095012600,"Census Tract 126, Orange County, Florida",001,Total population,72881,13116,-,**,82222,18775,58396,19256,45893,11208
1400000US12095012701,12095012701,"Census Tract 127.01, Orange County, Florida",001,Total population,56481,4547,-,**,57080,16226,63102,26709,31023,15781
1400000US12095012800,12095012800,"Census Tract 128, Orange County, Florida",001,Total population,96964,9021,32045,28347,87841,18600,115313,12653,43281,23262
1400000US12095012900,12095012900,"Census Tract 129, Orange County, Florida",001,Total population,61975,6853,62801,34222,80074,14923,48869,7533,34688,35851
1400000US12095013201,12095013201,"Census Tract 132.01, Orange County, Florida",001,Total population,42378,7254,7067,15514,44643,5355,44837,30068,19844,24801
1400000US12095013202,12095013202,"Census Tract 132.02, Orange County, Florida",001,Total population,35926,4879,18051,14362,41563,6453,41719,24028,23583,20245
1400000US12095013300,12095013300,"Census Tract 133, Orange County, Florida",001,Total population,38578,7123,47533,35498,39063,7437,53672,41754,21111,6350
1400000US12095013402,12095013402,"Census Tract 134.02, Orange County, Florida",001,Total population,36111,11045,-,**,40799,16890,33698,14210,33194,14290
1400000US12095013403,12095013403,"Census Tract 134.03, Orange County, Florida",001,Total population,32148,6113,25625,63673,35527,5332,43851,16841,26714,6542
1400000US12095013405,12095013405,"Census Tract 134.05, Orange County, Florida",001,Total population,40451,8084,17721,3824,36732,9523,66250,19861,38750,25831
1400000US12095013406,12095013406,"Census Tract 134.06, Orange County, Florida",001,Total population,36029,6869,16786,25280,41309,7305,41467,11632,23875,6467
1400000US12095013503,12095013503,"Census Tract 135.03, Orange County, Florida",001,Total population,26360,2961,26732,6212,34519,15827,19783,8245,15566,4966
1400000US12095013505,12095013505,"Census Tract 135.05, Orange County, Florida",001,Total population,39900,5920,16618,66815,55568,13656,39000,5002,38333,10432
1400000US12095013507,12095013507,"Census Tract 135.07, Orange County, Florida",001,Total population,38846,3007,39057,6816,40267,5784,39492,6435,26188,6965
1400000US12095013508,12095013508,"Census Tract 135.08, Orange County, Florida",001,Total population,37043,9767,40096,44253,40417,10864,24167,9010,63269,41185
1400000US12095013509,12095013509,"Census Tract 135.09, Orange County, Florida",001,Total population,44500,9141,-,**,37931,7545,59207,23855,24327,15641
1400000US12095013510,12095013510,"Census Tract 135.10, Orange County, Florida",001,Total population,40965,5715,43580,13199,41406,5068,58750,39671,19547,5214
1400000US12095013511,12095013511,"Census Tract 135.11, Orange County, Florida",001,Total population,38576,7207,26552,37074,42558,10537,41285,15654,27903,4268
1400000US12095013512,12095013512,"Census Tract 135.12, Orange County, Florida",001,Total population,35029,3565,20885,14248,42259,6546,33320,7107,25625,15273
1400000US12095013603,12095013603,"Census Tract 136.03, Orange County, Florida",001,Total population,35522,6813,15078,17332,35577,8060,52258,24615,30057,13575
1400000US12095013604,12095013604,"Census Tract 136.04, Orange County, Florida",001,Total population,45822,8200,28583,11199,58448,5373,54050,11911,20221,9823
1400000US12095013605,12095013605,"Census Tract 136.05, Orange County, Florida",001,Total population,43094,10568,32500,33371,40000,24185,42177,24157,56875,13088
1400000US12095013606,12095013606,"Census Tract 136.06, Orange County, Florida",001,Total population,28899,3253,27440,8454,30335,7206,33542,26531,18594,56949
1400000US12095013607,12095013607,"Census Tract 136.07, Orange County, Florida",001,Total population,51455,3716,28516,47224,51958,9027,57381,6812,29821,7424
1400000US12095013701,12095013701,"Census Tract 137.01, Orange County, Florida",001,Total population,39936,11012,52621,34414,32156,11041,51932,19025,22404,13473
1400000US12095013702,12095013702,"Census Tract 137.02, Orange County, Florida",001,Total population,34668,7337,25744,30193,31532,6677,47196,9218,23519,10173
1400000US12095013801,12095013801,"Census Tract 138.01, Orange County, Florida",001,Total population,50971,8536,-,**,50366,13240,54219,15162,37500,48069
1400000US12095013802,12095013802,"Census Tract 138.02, Orange County, Florida",001,Total population,61250,10680,48993,14643,54787,18796,84097,5976,42188,7899
1400000US12095013803,12095013803,"Census Tract 138.03, Orange County, Florida",001,Total population,54464,10700,-,**,50536,29714,70956,15697,39750,10530
1400000US12095013900,12095013900,"Census Tract 139, Orange County, Florida",001,Total population,49638,11042,30543,62917,40833,18830,60417,28767,49211,35523
1400000US12095014000,12095014000,"Census Tract 140, Orange County, Florida",001,Total population,66957,11946,60313,32117,67125,24601,91037,21646,48929,16249
1400000US12095014100,12095014100,"Census Tract 141, Orange County, Florida",001,Total population,64141,9757,-,**,66908,16186,70948,19332,49519,10286
1400000US12095014200,12095014200,"Census Tract 142, Orange County, Florida",001,Total population,44171,4670,27176,118819,42066,5585,51250,14628,46750,18105
1400000US12095014301,12095014301,"Census Tract 143.01, Orange County, Florida",001,Total population,49747,9351,59391,18301,41301,13027,68583,23257,38365,13702
1400000US12095014302,12095014302,"Census Tract 143.02, Orange County, Florida",001,Total population,25107,4231,23229,3217,32765,5666,21548,3695,26607,10386
1400000US12095014400,12095014400,"Census Tract 144, Orange County, Florida",001,Total population,60219,11949,83750,25223,61774,15332,62401,15520,38750,12649
1400000US12095014502,12095014502,"Census Tract 145.02, Orange County, Florida",001,Total population,27008,5858,18719,1639,27138,8448,36842,8572,22639,14777
1400000US12095014503,12095014503,"Census Tract 145.03, Orange County, Florida",001,Total population,28333,4575,-,**,34129,4826,30938,19520,18493,6051
1400000US12095014504,12095014504,"Census Tract 145.04, Orange County, Florida",001,Total population,50323,14517,41612,12504,54048,30224,62500,24402,34868,88784
1400000US12095014601,12095014601,"Census Tract 146.01, Orange County, Florida",001,Total population,31033,6027,25202,12483,28682,15415,38571,8828,23403,5976
1400000US12095014605,12095014605,"Census Tract 146.05, Orange County, Florida",001,Total population,36229,5310,-,**,31964,10117,35000,14385,41386,6245
1400000US12095014606,12095014606,"Census Tract 146.06, Orange County, Florida",001,Total population,38318,4653,36179,8823,38438,5632,40188,12780,40682,25775
1400000US12095014607,12095014607,"Census Tract 146.07, Orange County, Florida",001,Total population,45282,8580,29769,15374,45805,8878,51544,13161,53313,52071
1400000US12095014608,12095014608,"Census Tract 146.08, Orange County, Florida",001,Total population,32384,3800,32500,12240,32121,6863,45204,23332,29118,8046
1400000US12095014609,12095014609,"Census Tract 146.09, Orange County, Florida",001,Total population,36244,2571,30144,21760,38864,6057,35164,4604,85577,88433
1400000US12095014701,12095014701,"Census Tract 147.01, Orange County, Florida",001,Total population,35239,5278,14674,2485,32074,13067,40192,14718,22370,11160
1400000US12095014702,12095014702,"Census Tract 147.02, Orange County, Florida",001,Total population,39788,5959,15583,18991,42386,7577,63507,21241,25492,13811
1400000US12095014703,12095014703,"Census Tract 147.03, Orange County, Florida",001,Total population,41992,7711,56250,22096,38866,4852,51328,10473,108250,774
1400000US12095014704,12095014704,"Census Tract 147.04, Orange County, Florida",001,Total population,51312,5169,50394,15088,51731,7057,58974,20885,35583,13047
1400000US12095014804,12095014804,"Census Tract 148.04, Orange County, Florida",001,Total population,44303,8402,20769,19848,46250,11905,51481,11869,31691,11524
1400000US12095014805,12095014805,"Census Tract 148.05, Orange County, Florida",001,Total population,46372,7087,45089,76658,45563,23159,51156,3534,29207,6802
1400000US12095014806,12095014806,"Census Tract 148.06, Orange County, Florida",001,Total population,81264,7282,93309,128558,89191,28030,81875,8346,53322,9022
1400000US12095014807,12095014807,"Census Tract 148.07, Orange County, Florida",001,Total population,67807,9454,40489,28135,76045,17441,65833,26488,60909,6635
1400000US12095014808,12095014808,"Census Tract 148.08, Orange County, Florida",001,Total population,112220,13878,64632,18333,106641,24808,136190,15719,57500,35725
1400000US12095014809,12095014809,"Census Tract 148.09, Orange County, Florida",001,Total population,86667,15368,-,**,81333,29181,95625,22816,77917,45768
1400000US12095014810,12095014810,"Census Tract 148.10, Orange County, Florida",001,Total population,102417,15287,-,**,91932,43297,109414,23270,51458,20114
1400000US12095014811,12095014811,"Census Tract 148.11, Orange County, Florida",001,Total population,85250,9657,-,**,108176,42716,93295,16839,55500,14381
1400000US12095014812,12095014812,"Census Tract 148.12, Orange County, Florida",001,Total population,42217,6089,25428,4789,45705,11735,56806,13163,38472,28408
1400000US12095014813,12095014813,"Census Tract 148.13, Orange County, Florida",001,Total population,54052,19785,35333,6740,92195,15084,48224,25115,36118,11193
1400000US12095014904,12095014904,"Census Tract 149.04, Orange County, Florida",001,Total population,35789,6639,22044,24345,35680,7654,46389,21785,29583,7837
1400000US12095014906,12095014906,"Census Tract 149.06, Orange County, Florida",001,Total population,66176,7553,53417,9244,66603,6126,76970,13735,51224,5624
1400000US12095014908,12095014908,"Census Tract 149.08, Orange County, Florida",001,Total population,45279,6703,-,**,41894,12144,56284,16310,40268,9221
1400000US12095014909,12095014909,"Census Tract 149.09, Orange County, Florida",001,Total population,62771,5770,-,**,62688,9649,82440,41151,38750,27595
1400000US12095015001,12095015001,"Census Tract 150.01, Orange County, Florida",001,Total population,36418,8231,50259,64998,45962,26524,33893,48814,27045,27316
1400000US12095015002,12095015002,"Census Tract 150.02, Orange County, Florida",001,Total population,43785,6939,61400,17111,42596,11815,44531,11780,29773,18282
1400000US12095015003,12095015003,"Census Tract 150.03, Orange County, Florida",001,Total population,50823,8549,77661,80505,43803,13712,63826,20517,37639,18982
1400000US12095015004,12095015004,"Census Tract 150.04, Orange County, Florida",001,Total population,70550,10092,-,**,74926,16363,75435,12235,51293,5032
1400000US12095015103,12095015103,"Census Tract 151.03, Orange County, Florida",001,Total population,55833,14169,22444,42047,61263,12598,58000,18656,50000,10339
1400000US12095015104,12095015104,"Census Tract 151.04, Orange County, Florida",001,Total population,44554,9838,33839,54277,50272,13907,57935,11367,15313,6864
1400000US12095015105,12095015105,"Census Tract 151.05, Orange County, Florida",001,Total population,50509,10703,21614,24323,47727,31085,52248,6218,38684,4765
1400000US12095015106,12095015106,"Census Tract 151.06, Orange County, Florida",001,Total population,46286,6976,16950,6361,48430,11557,56654,9067,27764,15342
1400000US12095015201,12095015201,"Census Tract 152.01, Orange County, Florida",001,Total population,51406,9417,36510,5928,57398,5165,44832,23904,31146,21765
1400000US12095015202,12095015202,"Census Tract 152.02, Orange County, Florida",001,Total population,30982,6307,11894,21561,49244,10103,27723,10511,25455,9114
1400000US12095015300,12095015300,"Census Tract 153, Orange County, Florida",001,Total population,62338,4838,22386,193279,62745,6001,77500,22537,42250,17583
1400000US12095015402,12095015402,"Census Tract 154.02, Orange County, Florida",001,Total population,37625,10674,-,**,60288,32394,43663,21885,15905,6644
1400000US12095015501,12095015501,"Census Tract 155.01, Orange County, Florida",001,Total population,61970,15642,29009,1746,50793,23787,112212,27193,44583,30124
1400000US12095015601,12095015601,"Census Tract 156.01, Orange County, Florida",001,Total population,116154,19987,-,**,143472,40490,125357,25702,79205,17882
1400000US12095015602,12095015602,"Census Tract 156.02, Orange County, Florida",001,Total population,110074,6733,-,**,110357,19929,141827,9213,58214,15403
1400000US12095015701,12095015701,"Census Tract 157.01, Orange County, Florida",001,Total population,97803,26062,-,**,99211,94986,110938,86764,47917,28461
1400000US12095015702,12095015702,"Census Tract 157.02, Orange County, Florida",001,Total population,77286,23400,-,**,75679,16182,133625,66818,53224,28046
1400000US12095015801,12095015801,"Census Tract 158.01, Orange County, Florida",001,Total population,124336,32717,-,**,51813,1767,161776,35417,114750,52450
1400000US12095015802,12095015802,"Census Tract 158.02, Orange County, Florida",001,Total population,101964,23590,41518,38554,109135,78287,129107,63230,88542,18913
1400000US12095015901,12095015901,"Census Tract 159.01, Orange County, Florida",001,Total population,34713,7206,15972,19534,40662,15605,44318,9019,12750,13644
1400000US12095015902,12095015902,"Census Tract 159.02, Orange County, Florida",001,Total population,36948,6867,-,**,47031,25815,36932,46599,25429,12938
1400000US12095016001,12095016001,"Census Tract 160.01, Orange County, Florida",001,Total population,38611,15303,9079,15915,48125,71678,56771,46381,62031,38851
1400000US12095016002,12095016002,"Census Tract 160.02, Orange County, Florida",001,Total population,136964,25735,-,**,131250,97630,151500,38098,53594,28116
1400000US12095016100,12095016100,"Census Tract 161, Orange County, Florida",001,Total population,76140,20748,13267,1798,69889,51449,111719,18302,56875,20969
1400000US12095016200,12095016200,"Census Tract 162, Orange County, Florida",001,Total population,56932,9180,11667,15858,73028,22601,62736,12470,61563,10445
1400000US12095016301,12095016301,"Census Tract 163.01, Orange County, Florida",001,Total population,37646,7699,7981,15344,41161,21899,43409,20152,38145,9717
1400000US12095016302,12095016302,"Census Tract 163.02, Orange County, Florida",001,Total population,34359,6216,16653,13980,33636,20010,40500,27983,48036,25897
1400000US12095016402,12095016402,"Census Tract 164.02, Orange County, Florida",001,Total population,37118,12741,17422,25266,35938,16576,59000,12259,40875,17712
1400000US12095016406,12095016406,"Census Tract 164.06, Orange County, Florida",001,Total population,31799,5326,6708,12653,42222,20714,112934,106681,42569,19548
1400000US12095016407,12095016407,"Census Tract 164.07, Orange County, Florida",001,Total population,29261,6593,12386,10841,44929,17035,44228,28193,36250,15525
1400000US12095016408,12095016408,"Census Tract 164.08, Orange County, Florida",001,Total population,47686,19996,15000,14939,54904,32188,81111,84952,68333,28456
1400000US12095016409,12095016409,"Census Tract 164.09, Orange County, Florida",001,Total population,75057,11891,-,**,66277,13776,126563,25549,44375,19610
1400000US12095016410,12095016410,"Census Tract 164.10, Orange County, Florida",001,Total population,36120,4465,18056,7190,37846,11563,50081,12563,40240,14167
1400000US12095016411,12095016411,"Census Tract 164.11, Orange County, Florida",001,Total population,46193,8706,25625,9061,46375,14217,52083,31762,56875,30451
1400000US12095016412,12095016412,"Census Tract 164.12, Orange County, Florida",001,Total population,61841,5248,56484,31336,69604,4861,60846,13221,48083,36381
1400000US12095016503,12095016503,"Census Tract 165.03, Orange County, Florida",001,Total population,42775,6752,11282,6362,66925,26121,50938,21796,41750,24428
1400000US12095016504,12095016504,"Census Tract 165.04, Orange County, Florida",001,Total population,48482,9055,21833,23142,36429,13568,60488,12896,53594,15698
1400000US12095016505,12095016505,"Census Tract 165.05, Orange County, Florida",001,Total population,35673,7568,21724,9520,48438,21549,68750,30893,32237,51986
1400000US12095016507,12095016507,"Census Tract 165.07, Orange County, Florida",001,Total population,69583,9109,18412,4549,76196,10513,77226,46968,34444,13459
1400000US12095016508,12095016508,"Census Tract 165.08, Orange County, Florida",001,Total population,36003,4002,25640,7087,38598,9051,34688,7940,56190,15105
1400000US12095016509,12095016509,"Census Tract 165.09, Orange County, Florida",001,Total population,38712,8948,33281,32764,80424,10100,34423,12210,29216,2444
1400000US12095016510,12095016510,"Census Tract 165.10, Orange County, Florida",001,Total population,22013,7504,16954,6036,27113,15013,52966,8074,-,**
1400000US12095016511,12095016511,"Census Tract 165.11, Orange County, Florida",001,Total population,34114,4608,14754,7667,59453,30025,50595,21927,32083,6419
1400000US12095016601,12095016601,"Census Tract 166.01, Orange County, Florida",001,Total population,59741,7015,33125,7788,75521,23004,61384,18593,38889,17499
1400000US12095016602,12095016602,"Census Tract 166.02, Orange County, Florida",001,Total population,60302,7167,55125,82015,67546,11709,61583,7881,29911,21578
1400000US12095016704,12095016704,"Census Tract 167.04, Orange County, Florida",001,Total population,78229,7144,46682,18738,92889,6240,71019,5212,41897,6618
1400000US12095016709,12095016709,"Census Tract 167.09, Orange County, Florida",001,Total population,44083,6038,52353,14314,46154,10822,56915,11054,22788,11902
1400000US12095016710,12095016710,"Census Tract 167.10, Orange County, Florida",001,Total population,69250,9433,-,**,77786,5895,53333,15141,33125,6455
1400000US12095016712,12095016712,"Census Tract 167.12, Orange County, Florida",001,Total population,40083,5473,24640,8646,42058,5775,52434,12365,35758,13160
1400000US12095016713,12095016713,"Census Tract 167.13, Orange County, Florida",001,Total population,41042,5893,38424,22633,50082,15557,39755,7156,33500,4641
1400000US12095016714,12095016714,"Census Tract 167.14, Orange County, Florida",001,Total population,49677,7261,53106,45517,53056,19119,49577,14915,46473,20299
1400000US12095016715,12095016715,"Census Tract 167.15, Orange County, Florida",001,Total population,53681,6182,-,**,45147,13562,67584,20620,38036,24084
1400000US12095016716,12095016716,"Census Tract 167.16, Orange County, Florida",001,Total population,73900,11627,-,**,67734,15634,90662,11945,47243,15051
1400000US12095016717,12095016717,"Census Tract 167.17, Orange County, Florida",001,Total population,72443,15827,-,**,79750,11265,79081,8492,37019,13017
1400000US12095016723,12095016723,"Census Tract 167.23, Orange County, Florida",001,Total population,50456,4466,-,**,55840,12173,49936,5625,28977,25049
1400000US12095016724,12095016724,"Census Tract 167.24, Orange County, Florida",001,Total population,40714,5713,35847,2362,43802,4545,41645,20221,37690,11517
1400000US12095016727,12095016727,"Census Tract 167.27, Orange County, Florida",001,Total population,41983,4274,27535,11039,48443,5451,50398,11809,31905,33645
1400000US12095016728,12095016728,"Census Tract 167.28, Orange County, Florida",001,Total population,67321,20868,29306,21098,87011,14636,75909,22967,49597,10633
1400000US12095016729,12095016729,"Census Tract 167.29, Orange County, Florida",001,Total population,51895,10967,22202,3962,61926,9124,59292,8209,39205,20413
1400000US12095016730,12095016730,"Census Tract 167.30, Orange County, Florida",001,Total population,82500,4720,50806,13591,82227,7024,100997,10594,61964,35320
1400000US12095016731,12095016731,"Census Tract 167.31, Orange County, Florida",001,Total population,67206,15028,72679,126868,76645,27061,52014,37182,50563,81622
1400000US12095016732,12095016732,"Census Tract 167.32, Orange County, Florida",001,Total population,73966,9571,43250,14346,76767,13329,84780,9135,32336,10779
1400000US12095016733,12095016733,"Census Tract 167.33, Orange County, Florida",001,Total population,54563,9500,-,**,64861,15374,59250,11153,26237,4960
1400000US12095016734,12095016734,"Census Tract 167.34, Orange County, Florida",001,Total population,59136,5213,37238,6704,62622,4862,65317,12744,45625,16373
1400000US12095016802,12095016802,"Census Tract 168.02, Orange County, Florida",001,Total population,72760,12769,-,**,77407,16389,66625,19045,72760,78452
1400000US12095016803,12095016803,"Census Tract 168.03, Orange County, Florida",001,Total population,54940,3920,29653,123474,53661,21382,57207,11513,35658,11242
1400000US12095016804,12095016804,"Census Tract 168.04, Orange County, Florida",001,Total population,50216,3005,-,**,51066,4292,50777,6195,44205,2223
1400000US12095016806,12095016806,"Census Tract 168.06, Orange County, Florida",001,Total population,41785,4074,25000,3267,49750,9865,40475,8339,42622,19195
1400000US12095016807,12095016807,"Census Tract 168.07, Orange County, Florida",001,Total population,53333,5454,54153,1912,47708,7394,60990,5505,34447,8048
1400000US12095016902,12095016902,"Census Tract 169.02, Orange County, Florida",001,Total population,36633,8264,10670,10825,37188,9325,41630,6016,42188,40953
1400000US12095016903,12095016903,"Census Tract 169.03, Orange County, Florida",001,Total population,36604,3419,34950,7733,35551,4737,38857,11247,56321,25724
1400000US12095016904,12095016904,"Census Tract 169.04, Orange County, Florida",001,Total population,36071,5976,22174,12753,51250,30470,41522,9258,19038,8676
1400000US12095016906,12095016906,"Census Tract 169.06, Orange County, Florida",001,Total population,30938,6857,21579,11475,28804,8537,46974,18150,29167,25635
1400000US12095016907,12095016907,"Census Tract 169.07, Orange County, Florida",001,Total population,29030,5108,17386,36606,28269,9685,29688,9108,11493,9275
1400000US12095017001,12095017001,"Census Tract 170.01, Orange County, Florida",001,Total population,47500,6019,9348,33983,34211,15646,55170,21246,52614,7820
1400000US12095017004,12095017004,"Census Tract 170.04, Orange County, Florida",001,Total population,39556,9499,23879,14552,52135,11437,50995,7680,23125,15241
1400000US12095017006,12095017006,"Census Tract 170.06, Orange County, Florida",001,Total population,64327,14794,50000,44485,64231,18576,69293,25090,38750,21138
1400000US12095017008,12095017008,"Census Tract 170.08, Orange County, Florida",001,Total population,47229,10565,27125,12886,52467,10108,50577,16075,53587,58640
1400000US12095017011,12095017011,"Census Tract 170.11, Orange County, Florida",001,Total population,60316,7190,72344,32104,61118,8828,71201,12030,31406,11356
1400000US12095017012,12095017012,"Census Tract 170.12, Orange County, Florida",001,Total population,82069,18937,-,**,77442,101827,97734,13376,46875,23217
1400000US12095017013,12095017013,"Census Tract 170.13, Orange County, Florida",001,Total population,57226,7161,62647,70271,49071,24920,64659,24586,38750,11222
1400000US12095017014,12095017014,"Census Tract 170.14, Orange County, Florida",001,Total population,54307,3814,37651,16362,53854,7003,57708,7682,65365,29776
1400000US12095017015,12095017015,"Census Tract 170.15, Orange County, Florida",001,Total population,78814,9724,43750,35276,76113,5223,104833,19558,55515,12484
1400000US12095017016,12095017016,"Census Tract 170.16, Orange County, Florida",001,Total population,67018,5867,56583,31726,76250,15744,71171,9861,50870,9293
1400000US12095017017,12095017017,"Census Tract 170.17, Orange County, Florida",001,Total population,42535,5484,24869,2944,44838,4120,50327,9247,43616,14111
1400000US12095017103,12095017103,"Census Tract 171.03, Orange County, Florida",001,Total population,61087,4352,42821,8183,62092,6704,86420,22859,28594,7335
1400000US12095017104,12095017104,"Census Tract 171.04, Orange County, Florida",001,Total population,95221,9988,58750,40919,95739,15992,108450,12228,70388,39784
1400000US12095017105,12095017105,"Census Tract 171.05, Orange County, Florida",001,Total population,97656,7505,60882,2006,94645,8909,106563,13866,92917,30599
1400000US12095017107,12095017107,"Census Tract 171.07, Orange County, Florida",001,Total population,111130,11905,28750,21559,74009,65824,134093,18037,68365,13843
1400000US12095017108,12095017108,"Census Tract 171.08, Orange County, Florida",001,Total population,92171,16775,19348,45759,89208,22746,116324,36114,42237,32280
1400000US12095017109,12095017109,"Census Tract 171.09, Orange County, Florida",001,Total population,123185,16778,-,**,111528,36967,146042,30957,78333,50164
1400000US12095017200,12095017200,"Census Tract 172, Orange County, Florida",001,Total population,47270,8662,44750,123328,48438,11303,63350,13500,28795,5834
1400000US12095017300,12095017300,"Census Tract 173, Orange County, Florida",001,Total population,40492,5184,34604,16114,42839,11607,51771,9483,22695,4948
1400000US12095017400,12095017400,"Census Tract 174, Orange County, Florida",001,Total population,54571,4856,65000,82827,66031,11590,57625,8208,28819,14332
1400000US12095017501,12095017501,"Census Tract 175.01, Orange County, Florida",001,Total population,48000,12252,67782,137783,70572,9465,43221,22594,26779,7371
1400000US12095017503,12095017503,"Census Tract 175.03, Orange County, Florida",001,Total population,45442,9415,15585,6801,58144,16723,57583,23280,29959,6408
1400000US12095017504,12095017504,"Census Tract 175.04, Orange County, Florida",001,Total population,53788,5803,26651,73244,54906,8994,60881,11929,31588,5345
1400000US12095017600,12095017600,"Census Tract 176, Orange County, Florida",001,Total population,31087,8760,55223,105289,38750,10939,22069,19890,26838,9977
1400000US12095017701,12095017701,"Census Tract 177.01, Orange County, Florida",001,Total population,61213,5771,91107,38102,64625,6957,59255,16446,47625,26553
1400000US12095017702,12095017702,"Census Tract 177.02, Orange County, Florida",001,Total population,78438,16164,-,**,81310,15262,65938,36088,59345,39393
1400000US12095017703,12095017703,"Census Tract 177.03, Orange County, Florida",001,Total population,41594,8673,51354,56657,40865,14447,52277,27421,25568,14670
1400000US12095017802,12095017802,"Census Tract 178.02, Orange County, Florida",001,Total population,67517,5543,24840,80165,75552,10164,72319,7178,45865,4422
1400000US12095017804,12095017804,"Census Tract 178.04, Orange County, Florida",001,Total population,67156,15058,-,**,93548,23205,63985,9785,51319,30955
1400000US12095017805,12095017805,"Census Tract 178.05, Orange County, Florida",001,Total population,67353,14691,17137,47139,86910,56326,72557,9769,51964,27834
1400000US12095017806,12095017806,"Census Tract 178.06, Orange County, Florida",001,Total population,74269,4944,-,**,75938,13299,81133,13198,44000,18601
1400000US12095017807,12095017807,"Census Tract 178.07, Orange County, Florida",001,Total population,55934,4873,34537,53582,56296,2533,59297,22672,36250,29585
1400000US12095017808,12095017808,"Census Tract 178.08, Orange County, Florida",001,Total population,78846,10212,55848,64051,85417,26239,94083,9460,68190,10286
1400000US12095017901,12095017901,"Census Tract 179.01, Orange County, Florida",001,Total population,68036,11638,12176,53825,77596,54271,71736,11456,68194,67462
1400000US12095017902,12095017902,"Census Tract 179.02, Orange County, Florida",001,Total population,41111,8044,-,**,64023,40284,48462,9663,33268,5128
1400000US12095018000,12095018000,"Census Tract 180, Orange County, Florida",001,Total population,41053,4594,30673,24476,33935,14226,60938,31671,40720,13516
1400000US12095018100,12095018100,"Census Tract 181, Orange County, Florida",001,Total population,71364,7398,-,**,71979,20498,77981,17197,49886,23428
1400000US12095018200,12095018200,"Census Tract 182, Orange County, Florida",001,Total population,63540,7960,42530,37416,71250,7445,68472,10321,18813,16986
1400000US12095018300,12095018300,"Census Tract 183, Orange County, Florida",001,Total population,38600,6410,-,**,41944,7798,30139,8686,40714,7417
1400000US12095018400,12095018400,"Census Tract 184, Orange County, Florida",001,Total population,52813,15520,-,**,90938,28801,55577,25998,24234,6128
1400000US12095018500,12095018500,"Census Tract 185, Orange County, Florida",001,Total population,26119,6520,-,**,31333,3798,20661,4819,59063,39527
1400000US12095018700,12095018700,"Census Tract 187, Orange County, Florida",001,Total population,26899,7619,11250,54806,26250,8842,36524,7577,19750,10885
1400000US12095018800,12095018800,"Census Tract 188, Orange County, Florida",001,Total population,61969,13424,12188,18135,54573,15494,98077,28874,41786,27671
1400000US12095018900,12095018900,"Census Tract 189, Orange County, Florida",001,Total population,30039,3684,27880,9878,54913,8617,32331,12511,15596,3633
