GEO.id,GEO.id2,GEO.display-label,HD01_VD01,HD02_VD01,HD01_VD02,HD02_VD02,HD01_VD03,HD02_VD03,HD01_VD04,HD02_VD04,HD01_VD05,HD02_VD05,HD01_VD06,HD02_VD06,HD01_VD07,HD02_VD07,HD01_VD08,HD02_VD08,HD01_VD09,HD02_VD09,HD01_VD10,HD02_VD10,HD01_VD11,HD02_VD11,HD01_VD12,HD02_VD12,HD01_VD13,HD02_VD13,HD01_VD14,HD02_VD14,HD01_VD15,HD02_VD15,HD01_VD16,HD02_VD16,HD01_VD17,HD02_VD17,HD01_VD18,HD02_VD18,HD01_VD19,HD02_VD19,HD01_VD20,HD02_VD20,HD01_VD21,HD02_VD21
Id,Id2,Geography,Estimate; Total:,Margin of Error; Total:,Estimate; Owner occupied:,Margin of Error; Owner occupied:,Estimate; Owner occupied: - Householder 15 to 24 years,Margin of Error; Owner occupied: - Householder 15 to 24 years,Estimate; Owner occupied: - Householder 25 to 34 years,Margin of Error; Owner occupied: - Householder 25 to 34 years,Estimate; Owner occupied: - Householder 35 to 44 years,Margin of Error; Owner occupied: - Householder 35 to 44 years,Estimate; Owner occupied: - Householder 45 to 54 years,Margin of Error; Owner occupied: - Householder 45 to 54 years,Estimate; Owner occupied: - Householder 55 to 59 years,Margin of Error; Owner occupied: - Householder 55 to 59 years,Estimate; Owner occupied: - Householder 60 to 64 years,Margin of Error; Owner occupied: - Householder 60 to 64 years,Estimate; Owner occupied: - Householder 65 to 74 years,Margin of Error; Owner occupied: - Householder 65 to 74 years,Estimate; Owner occupied: - Householder 75 to 84 years,Margin of Error; Owner occupied: - Householder 75 to 84 years,Estimate; Owner occupied: - Householder 85 years and over,Margin of Error; Owner occupied: - Householder 85 years and over,Estimate; Renter occupied:,Margin of Error; Renter occupied:,Estimate; Renter occupied: - Householder 15 to 24 years,Margin of Error; Renter occupied: - Householder 15 to 24 years,Estimate; Renter occupied: - Householder 25 to 34 years,Margin of Error; Renter occupied: - Householder 25 to 34 years,Estimate; Renter occupied: - Householder 35 to 44 years,Margin of Error; Renter occupied: - Householder 35 to 44 years,Estimate; Renter occupied: - Householder 45 to 54 years,Margin of Error; Renter occupied: - Householder 45 to 54 years,Estimate; Renter occupied: - Householder 55 to 59 years,Margin of Error; Renter occupied: - Householder 55 to 59 years,Estimate; Renter occupied: - Householder 60 to 64 years,Margin of Error; Renter occupied: - Householder 60 to 64 years,Estimate; Renter occupied: - Householder 65 to 74 years,Margin of Error; Renter occupied: - Householder 65 to 74 years,Estimate; Renter occupied: - Householder 75 to 84 years,Margin of Error; Renter occupied: - Householder 75 to 84 years,Estimate; Renter occupied: - Householder 85 years and over,Margin of Error; Renter occupied: - Householder 85 years and over
1400000US12095010200,12095010200,"Census Tract 102, Orange County, Florida",2467,210,821,146,17,26,64,55,197,79,196,102,120,64,67,38,71,65,65,40,24,27,1646,210,269,148,675,169,258,123,172,82,43,38,30,30,86,57,88,38,25,28
1400000US12095010300,12095010300,"Census Tract 103, Orange County, Florida",1871,160,425,157,0,136,83,71,136,63,72,63,0,136,37,52,38,38,30,33,29,35,1446,222,139,112,327,125,185,75,140,97,47,76,50,58,124,65,174,89,260,122
1400000US12095010400,12095010400,"Census Tract 104, Orange County, Florida",448,86,47,24,0,136,0,136,21,23,6,12,10,15,10,12,0,136,0,136,0,136,401,92,14,22,38,44,123,68,148,76,0,136,19,22,30,35,11,20,18,32
1400000US12095010500,12095010500,"Census Tract 105, Orange County, Florida",539,100,9,15,0,136,0,136,0,136,0,136,0,136,0,136,0,136,9,15,0,136,530,100,0,136,83,51,106,79,133,73,45,45,73,63,63,52,27,25,0,136
1400000US12095010802,12095010802,"Census Tract 108.02, Orange County, Florida",1587,119,877,103,0,136,217,74,210,64,130,60,80,54,77,54,97,52,49,34,17,17,710,107,148,64,225,88,144,71,114,67,40,50,10,15,8,14,21,31,0,136
1400000US12095011000,12095011000,"Census Tract 110, Orange County, Florida",1557,114,658,119,9,15,109,65,108,54,172,80,75,45,71,60,78,34,27,20,9,14,899,131,134,85,446,115,107,68,116,77,31,28,27,32,20,23,18,15,0,136
1400000US12095011100,12095011100,"Census Tract 111, Orange County, Florida",1422,92,739,82,12,19,59,36,99,48,170,71,74,45,68,51,120,44,128,45,9,14,683,98,174,104,223,97,135,65,71,58,15,22,21,26,18,20,18,21,8,12
1400000US12095011200,12095011200,"Census Tract 112, Orange County, Florida",1463,92,1096,101,0,136,133,70,280,77,190,59,123,53,64,41,50,35,186,53,70,35,367,110,26,31,121,76,97,62,92,60,10,16,0,136,12,19,9,16,0,136
1400000US12095011300,12095011300,"Census Tract 113, Orange County, Florida",1975,170,1264,156,0,136,147,66,311,104,266,95,188,71,149,65,77,52,101,53,25,28,711,157,73,71,267,99,249,124,23,26,65,44,22,28,0,136,12,18,0,136
1400000US12095011600,12095011600,"Census Tract 116, Orange County, Florida",1620,104,849,143,0,136,69,65,187,77,224,84,97,55,101,45,110,69,44,38,17,21,771,152,27,30,174,79,119,77,205,92,24,29,46,50,96,89,62,51,18,29
1400000US12095011701,12095011701,"Census Tract 117.01, Orange County, Florida",1538,120,806,117,0,136,24,27,54,40,167,70,140,60,106,61,130,55,154,58,31,29,732,139,36,46,223,90,98,63,152,72,98,57,26,27,77,58,10,16,12,20
1400000US12095011702,12095011702,"Census Tract 117.02, Orange County, Florida",1642,128,579,116,0,136,20,25,110,76,109,58,33,36,15,20,75,41,181,69,36,33,1063,130,71,66,235,87,244,102,336,115,51,49,39,38,77,38,10,16,0,136
1400000US12095012000,12095012000,"Census Tract 120, Orange County, Florida",2005,148,1129,149,53,77,39,38,284,112,232,105,136,75,86,49,180,70,106,52,13,21,876,178,38,35,428,160,153,111,116,72,24,29,77,77,40,52,0,136,0,136
1400000US12095012100,12095012100,"Census Tract 121, Orange County, Florida",2157,177,1085,171,15,26,63,52,219,103,305,119,91,76,66,67,140,79,108,65,78,65,1072,190,34,55,253,130,297,145,238,126,20,31,108,89,29,36,78,60,15,27
1400000US12095012201,12095012201,"Census Tract 122.01, Orange County, Florida",1450,139,886,125,24,36,27,32,46,43,278,108,102,61,46,34,242,81,111,61,10,16,564,156,127,110,52,55,203,104,120,100,62,54,0,136,0,136,0,136,0,136
1400000US12095012202,12095012202,"Census Tract 122.02, Orange County, Florida",1558,134,828,135,18,33,68,52,157,73,191,81,165,79,92,58,69,39,39,30,29,23,730,153,257,111,98,74,215,106,101,69,43,53,0,136,16,26,0,136,0,136
1400000US12095012303,12095012303,"Census Tract 123.03, Orange County, Florida",2098,101,1803,151,43,52,341,157,425,132,457,126,165,94,140,64,150,61,68,43,14,20,295,121,36,58,70,61,138,98,14,24,10,18,27,32,0,136,0,136,0,136
1400000US12095012304,12095012304,"Census Tract 123.04, Orange County, Florida",2081,130,986,146,57,56,85,59,160,87,254,89,132,73,141,66,100,59,40,37,17,26,1095,163,9,17,345,143,373,170,145,89,109,79,24,36,40,48,50,58,0,136
1400000US12095012305,12095012305,"Census Tract 123.05, Orange County, Florida",2603,149,1739,202,0,136,240,116,527,161,454,161,145,82,98,73,169,79,73,48,33,32,864,194,146,123,189,106,269,139,99,109,0,136,107,95,54,61,0,136,0,136
1400000US12095012306,12095012306,"Census Tract 123.06, Orange County, Florida",1066,70,903,104,0,136,163,86,138,77,303,95,88,48,81,48,87,40,35,27,8,14,163,81,48,58,37,40,29,49,9,15,40,47,0,136,0,136,0,136,0,136
1400000US12095012307,12095012307,"Census Tract 123.07, Orange County, Florida",2188,195,1143,158,0,136,32,35,210,100,370,122,211,105,133,85,136,59,30,36,21,23,1045,219,106,118,359,150,115,96,215,136,59,55,13,21,85,75,93,88,0,136
1400000US12095012401,12095012401,"Census Tract 124.01, Orange County, Florida",3126,191,1189,222,25,44,263,113,249,117,308,101,112,65,43,33,67,47,78,72,44,41,1937,253,278,120,541,172,593,180,342,157,51,51,73,75,59,45,0,136,0,136
1400000US12095012402,12095012402,"Census Tract 124.02, Orange County, Florida",1998,206,396,93,0,136,42,52,43,33,46,51,62,53,61,35,88,58,27,29,27,30,1602,216,204,125,457,189,402,157,207,102,29,32,132,103,56,39,102,57,13,21
1400000US12095012403,12095012403,"Census Tract 124.03, Orange County, Florida",1682,150,1095,123,0,136,106,70,195,92,423,97,114,65,93,53,116,37,24,26,24,23,587,123,97,84,183,91,136,76,86,48,9,14,11,17,44,42,21,33,0,136
1400000US12095012500,12095012500,"Census Tract 125, Orange County, Florida",1237,83,792,135,0,136,42,35,215,93,103,74,45,34,126,58,132,56,75,41,54,58,445,130,22,34,33,38,142,88,107,73,59,62,48,52,34,34,0,136,0,136
1400000US12095012600,12095012600,"Census Tract 126, Orange County, Florida",2142,147,1692,137,0,136,219,100,370,90,383,117,277,108,145,70,133,61,123,56,42,36,450,153,0,136,220,114,63,78,63,63,30,33,20,31,0,136,40,39,14,23
1400000US12095012701,12095012701,"Census Tract 127.01, Orange County, Florida",2450,148,1386,201,0,136,362,132,291,112,304,129,99,50,127,72,52,47,49,50,102,65,1064,227,0,136,497,174,214,112,267,130,44,45,0,136,13,22,15,23,14,23
1400000US12095012800,12095012800,"Census Tract 128, Orange County, Florida",1615,91,1356,120,0,136,117,62,270,71,241,75,221,91,134,56,173,46,103,41,97,46,259,110,18,23,67,43,59,53,96,90,0,136,19,23,0,136,0,136,0,136
1400000US12095012900,12095012900,"Census Tract 129, Orange County, Florida",1431,85,881,108,0,136,160,70,153,68,238,83,71,44,9,14,87,33,101,40,62,48,550,115,119,74,202,106,176,72,17,19,20,21,0,136,16,13,0,136,0,136
1400000US12095013201,12095013201,"Census Tract 132.01, Orange County, Florida",1477,138,1002,155,17,29,339,165,109,84,282,117,68,58,45,28,79,60,63,50,0,136,475,130,26,43,77,62,123,93,134,107,24,30,44,54,47,63,0,136,0,136
1400000US12095013202,12095013202,"Census Tract 132.02, Orange County, Florida",1824,134,834,144,22,36,96,67,203,92,203,96,41,43,89,56,136,66,18,24,26,44,990,155,303,123,305,110,99,94,150,90,10,16,76,90,39,62,8,16,0,136
1400000US12095013300,12095013300,"Census Tract 133, Orange County, Florida",2612,174,1710,169,17,32,105,70,254,83,466,166,88,61,233,115,326,91,221,79,0,136,902,201,58,69,192,144,207,116,61,50,72,96,51,39,72,58,101,80,88,80
1400000US12095013402,12095013402,"Census Tract 134.02, Orange County, Florida",1038,80,745,89,31,43,72,57,67,56,240,99,52,38,61,39,162,79,42,36,18,20,293,85,0,136,73,39,89,74,45,43,34,40,35,52,17,19,0,136,0,136
1400000US12095013403,12095013403,"Census Tract 134.03, Orange County, Florida",1175,98,436,73,0,136,0,136,87,48,89,52,40,33,14,16,50,35,113,53,43,40,739,101,32,33,313,99,123,66,90,59,26,30,107,72,25,19,23,25,0,136
1400000US12095013405,12095013405,"Census Tract 134.05, Orange County, Florida",915,77,304,96,0,136,11,17,132,79,48,39,36,40,14,21,37,28,26,21,0,136,611,121,73,64,226,125,114,89,122,96,0,136,0,136,26,31,50,59,0,136
1400000US12095013406,12095013406,"Census Tract 134.06, Orange County, Florida",1458,78,576,108,0,136,66,49,136,77,70,41,81,55,37,37,106,57,80,53,0,136,882,124,98,77,365,115,158,124,118,70,32,37,15,19,37,40,35,32,24,39
1400000US12095013503,12095013503,"Census Tract 135.03, Orange County, Florida",990,102,6,12,0,136,0,136,0,136,0,136,0,136,0,136,0,136,6,12,0,136,984,102,227,100,159,89,236,97,120,83,31,35,87,57,98,52,26,29,0,136
1400000US12095013505,12095013505,"Census Tract 135.05, Orange County, Florida",1576,152,954,132,11,19,117,71,99,58,139,69,58,45,90,57,248,97,169,67,23,25,622,138,105,93,136,75,14,22,207,111,41,48,81,64,0,136,38,42,0,136
1400000US12095013507,12095013507,"Census Tract 135.07, Orange County, Florida",2512,187,165,115,73,102,25,30,32,25,23,29,0,136,12,19,0,136,0,136,0,136,2347,207,519,183,856,229,326,129,352,137,83,60,88,63,114,47,9,16,0,136
1400000US12095013508,12095013508,"Census Tract 135.08, Orange County, Florida",867,150,75,68,0,136,12,22,28,44,0,136,9,16,0,136,26,29,0,136,0,136,792,145,192,101,319,145,138,96,49,49,31,43,53,43,10,15,0,136,0,136
1400000US12095013509,12095013509,"Census Tract 135.09, Orange County, Florida",526,83,405,75,0,136,54,45,35,37,31,45,53,47,101,54,43,40,88,52,0,136,121,56,0,136,54,23,57,51,0,136,0,136,0,136,0,136,10,16,0,136
1400000US12095013510,12095013510,"Census Tract 135.10, Orange County, Florida",1060,131,267,108,0,136,115,96,26,29,59,93,0,136,30,35,17,28,20,31,0,136,793,155,153,105,262,156,199,125,52,51,45,51,24,39,58,94,0,136,0,136
1400000US12095013511,12095013511,"Census Tract 135.11, Orange County, Florida",1808,131,1297,181,10,16,95,86,266,118,351,109,36,40,236,111,103,60,171,87,29,34,511,174,82,73,115,92,102,89,129,96,59,74,24,30,0,136,0,136,0,136
1400000US12095013512,12095013512,"Census Tract 135.12, Orange County, Florida",1875,166,606,154,0,136,67,52,56,64,180,133,14,26,56,43,129,49,92,70,12,19,1269,191,209,116,398,151,332,128,241,122,50,52,13,24,26,32,0,136,0,136
1400000US12095013603,12095013603,"Census Tract 136.03, Orange County, Florida",2155,167,1101,189,32,50,192,108,125,62,211,109,100,66,73,49,194,69,144,69,30,32,1054,180,92,84,505,170,200,134,106,89,30,37,56,54,31,32,19,30,15,24
1400000US12095013604,12095013604,"Census Tract 136.04, Orange County, Florida",2643,208,1508,196,36,33,273,130,233,113,369,114,163,82,138,84,221,116,49,44,26,31,1135,206,265,143,371,118,183,87,80,82,114,65,63,52,26,31,33,36,0,136
1400000US12095013605,12095013605,"Census Tract 136.05, Orange County, Florida",1399,125,538,123,0,136,18,22,152,69,122,58,87,55,39,31,51,29,69,48,0,136,861,164,108,62,255,111,195,109,192,91,52,40,34,34,13,19,0,136,12,18
1400000US12095013606,12095013606,"Census Tract 136.06, Orange County, Florida",1245,89,469,112,0,136,42,49,153,67,74,60,31,33,75,74,32,35,46,39,16,26,776,137,153,109,165,96,269,108,94,78,75,57,6,10,0,136,14,22,0,136
1400000US12095013607,12095013607,"Census Tract 136.07, Orange County, Florida",1965,117,1505,162,16,27,122,61,322,121,445,115,173,95,189,110,181,55,45,32,12,20,460,147,139,108,80,86,143,102,29,32,30,35,0,136,0,136,25,28,14,23
1400000US12095013701,12095013701,"Census Tract 137.01, Orange County, Florida",1905,200,700,144,0,136,165,92,92,58,187,87,70,63,134,70,13,21,26,29,13,20,1205,205,153,87,451,163,298,140,190,108,62,66,24,28,14,22,13,21,0,136
1400000US12095013702,12095013702,"Census Tract 137.02, Orange County, Florida",2295,160,835,145,0,136,175,89,153,85,185,76,71,58,79,58,43,37,118,61,11,17,1460,179,305,127,249,130,342,159,261,130,61,45,84,55,79,66,68,56,11,19
1400000US12095013801,12095013801,"Census Tract 138.01, Orange County, Florida",940,67,575,124,0,136,88,58,110,60,196,82,22,28,30,37,61,35,44,33,24,27,365,104,18,28,142,98,24,34,118,84,0,136,16,24,0,136,47,41,0,136
1400000US12095013802,12095013802,"Census Tract 138.02, Orange County, Florida",1089,54,828,83,0,136,84,43,152,48,165,70,113,47,68,40,116,55,92,40,38,28,261,91,63,61,33,46,122,87,0,136,0,136,5,10,28,20,0,136,10,17
1400000US12095013803,12095013803,"Census Tract 138.03, Orange County, Florida",1103,74,809,84,0,136,97,71,142,64,233,77,57,57,37,31,93,46,150,48,0,136,294,68,10,15,78,61,72,52,98,56,8,13,0,136,15,16,13,11,0,136
1400000US12095013900,12095013900,"Census Tract 139, Orange County, Florida",1749,132,1182,128,14,22,134,83,206,78,131,57,150,59,115,47,230,58,150,67,52,40,567,149,152,101,0,136,170,82,111,87,55,49,19,16,60,77,0,136,0,136
1400000US12095014000,12095014000,"Census Tract 140, Orange County, Florida",2538,135,2245,153,12,20,138,80,362,99,618,132,227,111,159,68,420,114,263,74,46,41,293,99,23,28,131,73,20,17,12,18,41,38,33,46,6,10,27,36,0,136
1400000US12095014100,12095014100,"Census Tract 141, Orange County, Florida",2143,215,1718,237,0,136,120,90,345,122,424,116,219,104,161,79,242,87,149,74,58,41,425,138,40,61,107,74,50,62,123,92,28,43,51,42,12,20,14,23,0,136
1400000US12095014200,12095014200,"Census Tract 142, Orange County, Florida",3111,179,1858,201,62,71,302,157,444,174,419,144,182,97,77,71,150,71,176,90,46,41,1253,224,37,46,485,170,426,170,155,97,46,53,33,37,56,44,15,22,0,136
1400000US12095014301,12095014301,"Census Tract 143.01, Orange County, Florida",1747,163,1090,132,0,136,81,50,290,92,249,66,72,46,139,60,156,57,99,45,4,7,657,163,201,106,69,56,174,112,144,95,11,18,8,12,42,51,0,136,8,12
1400000US12095014302,12095014302,"Census Tract 143.02, Orange County, Florida",1692,127,673,113,0,136,59,46,82,58,227,86,60,43,72,51,108,48,43,23,22,18,1019,144,127,96,221,97,254,112,237,112,56,48,16,19,27,22,73,49,8,14
1400000US12095014400,12095014400,"Census Tract 144, Orange County, Florida",1123,78,857,96,18,23,62,37,125,55,122,58,191,99,53,44,109,61,104,49,73,47,266,105,22,29,117,73,54,57,55,53,0,136,0,136,18,21,0,136,0,136
1400000US12095014502,12095014502,"Census Tract 145.02, Orange County, Florida",1666,199,220,111,0,136,17,29,67,64,47,44,46,55,6,12,14,23,23,20,0,136,1446,211,249,115,310,128,418,159,233,116,125,73,65,56,35,34,11,17,0,136
1400000US12095014503,12095014503,"Census Tract 145.03, Orange County, Florida",1716,183,699,129,0,136,55,54,104,67,98,69,91,76,56,48,160,70,121,59,14,21,1017,185,50,73,159,116,114,84,301,151,97,87,90,70,120,79,58,64,28,34
1400000US12095014504,12095014504,"Census Tract 145.04, Orange County, Florida",1117,232,250,100,0,136,87,82,94,64,33,34,0,136,0,136,36,30,0,136,0,136,867,235,289,159,227,110,260,132,78,53,0,136,13,25,0,136,0,136,0,136
1400000US12095014601,12095014601,"Census Tract 146.01, Orange County, Florida",2538,202,933,188,0,136,134,84,241,116,130,74,61,48,112,68,95,64,128,68,32,32,1605,238,167,122,480,180,248,136,498,177,104,83,13,21,55,53,40,52,0,136
1400000US12095014605,12095014605,"Census Tract 146.05, Orange County, Florida",1440,134,1133,146,9,16,115,74,96,69,216,84,132,80,128,75,169,78,255,91,13,21,307,106,0,136,77,57,108,84,9,18,81,65,0,136,32,26,0,136,0,136
1400000US12095014606,12095014606,"Census Tract 146.06, Orange County, Florida",3001,196,371,108,31,36,76,63,119,69,51,43,34,52,14,22,34,25,12,18,0,136,2630,200,546,192,895,190,541,166,428,129,169,83,13,20,26,33,12,20,0,136
1400000US12095014607,12095014607,"Census Tract 146.07, Orange County, Florida",2506,189,725,151,0,136,177,101,136,90,157,78,21,25,75,68,96,84,63,86,0,136,1781,198,364,176,537,194,352,167,242,124,140,100,72,65,20,31,0,136,54,82
1400000US12095014608,12095014608,"Census Tract 146.08, Orange County, Florida",1637,134,598,109,0,136,10,16,103,99,105,78,65,49,63,50,205,91,46,40,1,10,1039,172,204,113,354,144,276,136,114,77,15,28,24,30,33,40,19,31,0,136
1400000US12095014609,12095014609,"Census Tract 146.09, Orange County, Florida",1808,192,357,95,0,136,29,37,40,53,93,82,50,45,46,50,32,27,67,35,0,136,1451,211,378,146,600,196,287,152,63,57,79,73,31,34,13,21,0,136,0,136
1400000US12095014701,12095014701,"Census Tract 147.01, Orange County, Florida",1761,139,988,148,0,136,175,99,213,90,236,76,64,42,110,59,75,35,96,45,19,20,773,165,58,52,183,102,185,84,185,80,94,65,21,19,47,45,0,136,0,136
1400000US12095014702,12095014702,"Census Tract 147.02, Orange County, Florida",2386,222,551,185,32,27,182,120,134,120,63,58,35,39,43,50,13,23,49,67,0,136,1835,286,346,168,679,176,331,139,279,123,98,64,17,27,36,40,33,37,16,27
1400000US12095014703,12095014703,"Census Tract 147.03, Orange County, Florida",910,108,160,87,47,50,85,69,21,35,7,12,0,136,0,136,0,136,0,136,0,136,750,102,169,99,255,85,172,95,101,49,8,13,10,15,35,16,0,136,0,136
1400000US12095014704,12095014704,"Census Tract 147.04, Orange County, Florida",5000,315,942,211,0,136,253,125,278,107,146,73,111,75,94,73,60,52,0,136,0,136,4058,312,549,190,1886,309,903,215,403,170,152,103,44,43,95,80,26,31,0,136
1400000US12095014804,12095014804,"Census Tract 148.04, Orange County, Florida",2175,137,1000,146,11,17,40,33,190,73,479,128,90,70,65,50,47,42,49,57,29,32,1175,172,107,83,452,142,329,133,116,85,56,58,66,67,0,136,38,35,11,16
1400000US12095014805,12095014805,"Census Tract 148.05, Orange County, Florida",1961,93,846,140,0,136,36,36,182,81,288,122,185,87,52,50,77,41,26,29,0,136,1115,139,75,51,261,108,345,160,241,116,20,24,9,15,132,81,21,23,11,17
1400000US12095014806,12095014806,"Census Tract 148.06, Orange County, Florida",1638,73,1506,86,6,12,83,60,436,94,429,105,228,75,135,61,162,47,27,24,0,136,132,71,17,26,8,14,14,16,86,64,7,12,0,136,0,136,0,136,0,136
1400000US12095014807,12095014807,"Census Tract 148.07, Orange County, Florida",2578,136,1772,196,0,136,264,127,525,143,518,169,162,89,163,93,80,49,50,38,10,16,806,200,102,104,311,128,202,120,161,102,18,29,0,136,0,136,12,19,0,136
1400000US12095014808,12095014808,"Census Tract 148.08, Orange County, Florida",3307,138,2801,162,0,136,153,91,805,134,901,154,419,129,165,80,234,62,94,52,30,29,506,161,29,35,68,72,175,115,75,73,17,30,26,31,88,89,18,19,10,18
1400000US12095014809,12095014809,"Census Tract 148.09, Orange County, Florida",1038,77,915,86,0,136,7,8,150,51,345,71,127,42,111,42,121,49,48,31,6,9,123,50,0,136,16,15,55,37,22,20,14,20,4,6,9,14,3,5,0,136
1400000US12095014810,12095014810,"Census Tract 148.10, Orange County, Florida",1979,91,1873,112,0,136,94,75,465,98,585,113,196,76,316,91,108,60,66,40,43,40,106,77,0,136,12,24,76,69,18,28,0,136,0,136,0,136,0,136,0,136
1400000US12095014811,12095014811,"Census Tract 148.11, Orange County, Florida",1936,119,1807,147,7,13,196,87,304,93,531,144,208,82,241,101,194,58,79,41,47,37,129,80,0,136,44,34,52,57,11,19,22,27,0,136,0,136,0,136,0,136
1400000US12095014812,12095014812,"Census Tract 148.12, Orange County, Florida",2029,161,741,130,0,136,37,37,234,95,157,69,105,79,78,54,94,41,18,29,18,29,1288,180,275,138,368,134,377,125,174,80,31,35,31,36,32,26,0,136,0,136
1400000US12095014813,12095014813,"Census Tract 148.13, Orange County, Florida",1266,145,958,140,19,25,143,77,104,60,215,76,142,70,91,69,137,48,97,47,10,16,308,95,15,23,12,21,147,68,65,54,0,136,22,24,17,21,10,15,20,23
1400000US12095014904,12095014904,"Census Tract 149.04, Orange County, Florida",1818,136,335,76,0,136,49,48,18,22,89,57,28,27,44,44,57,40,50,30,0,136,1483,152,221,119,393,129,361,114,308,105,31,30,26,29,110,78,21,24,12,18
1400000US12095014906,12095014906,"Census Tract 149.06, Orange County, Florida",1919,149,1618,145,50,55,111,75,286,95,421,101,183,67,204,92,188,60,133,75,42,37,301,117,88,75,40,43,65,57,94,70,14,22,0,136,0,136,0,136,0,136
1400000US12095014908,12095014908,"Census Tract 149.08, Orange County, Florida",2021,166,1532,235,0,136,154,108,197,117,416,153,100,72,230,128,254,117,154,96,27,32,489,190,0,136,91,95,240,135,32,42,58,48,0,136,39,36,0,136,29,42
1400000US12095014909,12095014909,"Census Tract 149.09, Orange County, Florida",923,112,798,110,0,136,89,55,161,97,249,98,90,52,20,23,128,57,59,55,2,10,125,104,0,136,90,99,35,46,0,136,0,136,0,136,0,136,0,136,0,136
1400000US12095015001,12095015001,"Census Tract 150.01, Orange County, Florida",423,101,186,75,0,136,44,68,54,28,18,19,13,19,11,17,24,24,12,19,10,17,237,92,70,65,33,27,11,18,47,52,0,136,0,136,52,56,24,18,0,136
1400000US12095015002,12095015002,"Census Tract 150.02, Orange County, Florida",1510,110,1124,144,78,67,231,87,189,75,321,91,138,66,92,54,75,43,0,136,0,136,386,132,0,136,116,92,149,101,14,21,0,136,0,136,71,58,36,33,0,136
1400000US12095015003,12095015003,"Census Tract 150.03, Orange County, Florida",1982,116,1600,147,46,51,189,99,219,99,492,125,183,104,137,90,212,90,122,71,0,136,382,125,12,20,65,74,180,102,96,72,0,136,29,43,0,136,0,136,0,136
1400000US12095015004,12095015004,"Census Tract 150.04, Orange County, Florida",2735,156,2505,183,0,136,549,155,532,131,713,137,253,101,185,101,186,115,87,59,0,136,230,107,8,12,80,63,24,30,90,82,0,136,7,13,21,31,0,136,0,136
1400000US12095015103,12095015103,"Census Tract 151.03, Orange County, Florida",2560,111,1710,190,0,136,264,139,413,153,561,159,204,119,73,45,98,59,97,53,0,136,850,179,116,100,269,135,286,121,115,92,13,21,26,30,11,18,14,22,0,136
1400000US12095015104,12095015104,"Census Tract 151.04, Orange County, Florida",1876,135,1338,141,11,19,161,75,296,108,309,93,205,100,140,76,137,50,52,33,27,23,538,159,88,88,116,87,114,82,101,71,42,27,17,21,60,50,0,136,0,136
1400000US12095015105,12095015105,"Census Tract 151.05, Orange County, Florida",1297,95,1076,136,16,24,122,77,234,94,267,100,107,72,152,74,114,52,64,40,0,136,221,108,55,85,51,62,13,17,55,46,33,37,0,136,14,26,0,136,0,136
1400000US12095015106,12095015106,"Census Tract 151.06, Orange County, Florida",2305,95,1772,164,0,136,394,129,206,99,390,136,311,105,161,96,184,94,126,77,0,136,533,163,39,49,185,120,149,110,22,39,54,66,67,61,17,22,0,136,0,136
1400000US12095015201,12095015201,"Census Tract 152.01, Orange County, Florida",3069,209,1108,176,0,136,221,141,207,86,354,123,56,64,38,31,100,50,77,69,55,41,1961,202,188,105,871,184,306,143,332,142,113,77,92,64,12,19,47,48,0,136
1400000US12095015202,12095015202,"Census Tract 152.02, Orange County, Florida",2109,187,779,163,0,136,100,71,87,61,79,57,148,95,61,52,117,49,145,60,42,34,1330,217,100,109,300,124,283,109,406,170,46,38,49,49,54,39,70,56,22,18
1400000US12095015300,12095015300,"Census Tract 153, Orange County, Florida",1526,115,1113,129,10,14,190,85,234,89,233,68,145,63,60,36,126,43,96,41,19,24,413,100,11,19,143,64,122,77,70,66,36,36,0,136,23,24,8,12,0,136
1400000US12095015402,12095015402,"Census Tract 154.02, Orange County, Florida",1135,108,542,100,0,136,99,66,55,38,214,80,68,49,22,21,9,12,49,39,26,25,593,112,31,48,79,72,102,73,150,106,0,136,66,46,86,63,56,33,23,26
1400000US12095015501,12095015501,"Census Tract 155.01, Orange County, Florida",1994,169,1575,141,34,45,188,112,236,127,333,90,165,82,186,80,212,78,164,65,57,55,419,128,11,19,220,95,84,65,66,48,13,23,0,136,0,136,13,21,12,18
1400000US12095015601,12095015601,"Census Tract 156.01, Orange County, Florida",738,57,732,57,0,136,52,32,123,47,237,70,118,58,35,31,71,34,56,31,40,29,6,10,0,136,0,136,6,10,0,136,0,136,0,136,0,136,0,136,0,136
1400000US12095015602,12095015602,"Census Tract 156.02, Orange County, Florida",824,58,715,74,0,136,25,25,161,56,167,55,72,41,62,34,85,41,84,42,59,55,109,73,0,136,32,37,0,136,64,59,13,20,0,136,0,136,0,136,0,136
1400000US12095015701,12095015701,"Census Tract 157.01, Orange County, Florida",868,112,765,102,0,136,35,35,118,51,204,59,109,57,30,26,124,62,89,53,56,35,103,54,0,136,23,27,0,136,51,51,9,17,0,136,9,15,11,17,0,136
1400000US12095015702,12095015702,"Census Tract 157.02, Orange County, Florida",624,71,513,52,0,136,35,31,124,49,170,48,28,28,48,35,70,41,38,27,0,136,111,61,0,136,18,30,36,42,20,24,10,21,8,12,19,21,0,136,0,136
1400000US12095015801,12095015801,"Census Tract 158.01, Orange County, Florida",617,86,530,64,0,136,8,15,8,19,166,72,58,45,86,51,84,43,101,40,19,24,87,59,0,136,74,54,0,136,0,136,0,136,13,23,0,136,0,136,0,136
1400000US12095015802,12095015802,"Census Tract 158.02, Orange County, Florida",954,87,843,75,21,24,19,23,157,61,271,59,45,36,104,51,155,42,61,40,10,16,111,69,14,23,36,53,47,37,0,136,14,21,0,136,0,136,0,136,0,136
1400000US12095015901,12095015901,"Census Tract 159.01, Orange County, Florida",1108,113,427,97,18,33,10,17,40,47,75,57,106,60,42,32,66,34,50,47,20,24,681,111,52,57,169,105,117,68,125,60,105,64,21,22,92,62,0,136,0,136
1400000US12095015902,12095015902,"Census Tract 159.02, Orange County, Florida",797,115,287,77,0,136,33,38,31,30,51,38,28,32,32,25,55,39,43,36,14,18,510,116,0,136,180,81,84,69,32,30,54,69,32,29,50,42,54,30,24,27
1400000US12095016001,12095016001,"Census Tract 160.01, Orange County, Florida",544,134,258,80,0,136,0,136,55,55,48,35,12,19,7,13,78,40,58,38,0,136,286,99,114,89,70,57,33,34,39,32,11,18,0,136,7,11,12,20,0,136
1400000US12095016002,12095016002,"Census Tract 160.02, Orange County, Florida",957,93,897,89,0,136,58,46,190,56,211,62,144,74,75,49,147,43,63,38,9,13,60,43,0,136,8,12,22,34,22,21,0,136,0,136,8,12,0,136,0,136
1400000US12095016100,12095016100,"Census Tract 161, Orange County, Florida",2191,159,1394,183,0,136,33,32,236,87,317,101,177,82,185,75,285,102,96,72,65,63,797,163,61,75,149,97,24,27,52,40,50,60,45,70,20,32,186,88,210,87
1400000US12095016200,12095016200,"Census Tract 162, Orange County, Florida",2653,203,1717,141,38,59,45,44,360,64,348,113,190,93,137,68,212,60,312,68,75,60,936,214,294,125,154,107,90,70,227,114,95,83,23,26,10,17,31,35,12,19
1400000US12095016301,12095016301,"Census Tract 163.01, Orange County, Florida",2635,203,1230,164,0,136,139,83,197,101,221,92,76,52,117,77,164,63,229,74,87,60,1405,207,168,92,292,141,247,138,135,81,161,120,28,31,88,62,147,64,139,76
1400000US12095016302,12095016302,"Census Tract 163.02, Orange County, Florida",1438,159,446,105,10,16,48,45,64,59,94,51,22,21,41,28,44,30,80,35,43,56,992,145,327,119,239,103,183,90,127,70,25,31,73,67,8,14,10,15,0,136
1400000US12095016402,12095016402,"Census Tract 164.02, Orange County, Florida",983,110,257,56,0,136,0,136,32,24,96,44,7,12,29,27,37,29,56,29,0,136,726,120,240,101,158,67,144,79,143,94,19,28,0,136,9,19,13,18,0,136
1400000US12095016406,12095016406,"Census Tract 164.06, Orange County, Florida",933,88,208,93,42,41,76,53,43,52,12,31,8,16,0,136,27,14,0,136,0,136,725,131,367,105,148,81,141,67,49,59,12,18,0,136,8,15,0,136,0,136
1400000US12095016407,12095016407,"Census Tract 164.07, Orange County, Florida",2365,206,669,129,57,57,62,57,169,108,185,94,107,64,23,30,34,35,24,25,8,13,1696,221,847,181,436,152,185,97,167,102,17,24,22,25,22,25,0,136,0,136
1400000US12095016408,12095016408,"Census Tract 164.08, Orange County, Florida",979,107,433,72,0,136,44,35,63,44,149,51,23,26,34,28,77,37,24,22,19,21,546,100,262,97,153,98,55,41,56,41,12,19,0,136,8,14,0,136,0,136
1400000US12095016409,12095016409,"Census Tract 164.09, Orange County, Florida",1155,69,1022,92,0,136,46,40,208,71,250,89,175,68,84,54,146,51,89,49,24,27,133,75,34,45,43,34,56,47,0,136,0,136,0,136,0,136,0,136,0,136
1400000US12095016410,12095016410,"Census Tract 164.10, Orange County, Florida",2953,176,1407,168,71,80,168,82,231,85,391,102,188,90,111,53,164,66,83,53,0,136,1546,190,673,173,364,151,91,66,222,126,26,41,96,84,46,53,28,45,0,136
1400000US12095016411,12095016411,"Census Tract 164.11, Orange County, Florida",1270,129,556,115,39,46,29,34,98,67,155,68,36,37,104,70,34,25,40,31,21,20,714,137,238,100,180,101,122,74,110,74,38,46,8,22,18,27,0,136,0,136
1400000US12095016412,12095016412,"Census Tract 164.12, Orange County, Florida",1762,111,1478,117,71,64,180,82,287,102,513,126,145,72,135,67,70,47,66,41,11,18,284,95,140,72,67,60,61,46,8,12,0,136,8,14,0,136,0,136,0,136
1400000US12095016503,12095016503,"Census Tract 165.03, Orange County, Florida",1915,195,1188,169,54,63,178,81,112,67,282,110,180,93,95,63,122,84,152,58,13,19,727,190,363,160,275,123,30,45,9,18,28,27,9,14,13,20,0,136,0,136
1400000US12095016504,12095016504,"Census Tract 165.04, Orange County, Florida",1739,115,938,91,17,18,75,56,170,78,251,82,167,77,73,57,103,65,82,42,0,136,801,140,287,108,304,113,67,76,125,93,12,25,0,136,6,11,0,136,0,136
1400000US12095016505,12095016505,"Census Tract 165.05, Orange County, Florida",1221,100,568,63,0,136,47,34,166,64,169,71,55,35,35,28,54,30,42,29,0,136,653,112,378,107,196,86,7,12,48,36,0,136,0,136,0,136,24,37,0,136
1400000US12095016507,12095016507,"Census Tract 165.07, Orange County, Florida",1948,133,1648,125,47,29,381,123,405,92,410,92,144,73,85,58,104,43,63,36,9,15,300,99,108,72,76,56,44,36,72,58,0,136,0,136,0,136,0,136,0,136
1400000US12095016508,12095016508,"Census Tract 165.08, Orange County, Florida",2368,216,1190,201,0,136,219,111,320,93,370,149,108,68,31,30,73,59,69,62,0,136,1178,280,536,208,215,117,173,118,142,112,77,86,21,31,14,21,0,136,0,136
1400000US12095016509,12095016509,"Census Tract 165.09, Orange County, Florida",2034,145,1850,164,28,33,68,51,238,101,335,123,197,110,191,88,286,105,314,94,193,71,184,111,18,31,73,96,11,21,0,136,0,136,33,38,49,45,0,136,0,136
1400000US12095016510,12095016510,"Census Tract 165.10, Orange County, Florida",1365,174,21,24,0,136,0,136,0,136,0,136,10,16,11,17,0,136,0,136,0,136,1344,174,728,201,425,156,96,73,59,34,36,47,0,136,0,136,0,136,0,136
1400000US12095016511,12095016511,"Census Tract 165.11, Orange County, Florida",1265,204,612,132,42,65,154,87,108,62,86,44,108,56,84,59,12,25,18,33,0,136,653,179,342,151,146,102,55,69,82,89,0,136,28,39,0,136,0,136,0,136
1400000US12095016601,12095016601,"Census Tract 166.01, Orange County, Florida",3180,199,2569,226,12,20,447,118,525,132,722,177,195,75,228,97,306,92,73,56,61,64,611,209,106,105,128,93,129,102,155,110,42,56,27,38,24,29,0,136,0,136
1400000US12095016602,12095016602,"Census Tract 166.02, Orange County, Florida",3072,191,2356,206,0,136,351,114,553,149,610,149,209,89,254,89,334,98,45,41,0,136,716,187,95,100,134,82,216,116,213,143,44,71,0,136,0,136,0,136,14,21
1400000US12095016704,12095016704,"Census Tract 167.04, Orange County, Florida",3918,264,2871,282,55,77,540,141,902,196,778,188,242,77,111,57,172,68,47,43,24,29,1047,225,149,96,406,133,237,123,161,91,69,48,16,24,0,136,9,15,0,136
1400000US12095016709,12095016709,"Census Tract 167.09, Orange County, Florida",2047,170,1615,200,37,43,169,112,426,117,389,147,193,117,63,47,197,96,85,58,56,64,432,155,85,76,110,82,111,91,14,22,82,76,13,22,17,28,0,136,0,136
1400000US12095016710,12095016710,"Census Tract 167.10, Orange County, Florida",1355,86,1191,126,14,21,330,79,251,84,306,92,110,61,87,64,82,45,11,16,0,136,164,74,0,136,76,53,40,41,39,33,0,136,0,136,9,14,0,136,0,136
1400000US12095016712,12095016712,"Census Tract 167.12, Orange County, Florida",3241,215,1334,221,48,44,198,112,293,126,314,134,176,85,91,52,130,82,68,47,16,27,1907,263,525,171,857,193,197,111,152,81,12,20,84,86,58,46,22,25,0,136
1400000US12095016713,12095016713,"Census Tract 167.13, Orange County, Florida",2560,165,1734,187,43,55,390,168,446,168,440,118,125,72,80,50,127,69,55,45,28,46,826,207,75,79,331,160,223,130,103,104,0,136,82,76,12,19,0,136,0,136
1400000US12095016714,12095016714,"Census Tract 167.14, Orange County, Florida",1044,53,730,105,0,136,88,57,108,57,258,101,24,25,71,47,103,60,78,44,0,136,314,92,50,60,49,46,91,65,58,48,0,136,38,45,28,44,0,136,0,136
1400000US12095016715,12095016715,"Census Tract 167.15, Orange County, Florida",2282,165,1732,167,13,21,118,78,321,131,446,164,232,113,176,108,365,102,18,23,43,36,550,199,0,136,252,160,127,86,160,122,0,136,11,20,0,136,0,136,0,136
1400000US12095016716,12095016716,"Census Tract 167.16, Orange County, Florida",1906,98,1678,132,10,16,160,76,230,91,386,103,305,82,134,62,233,82,185,74,35,31,228,105,0,136,9,15,140,79,64,59,15,28,0,136,0,136,0,136,0,136
1400000US12095016717,12095016717,"Census Tract 167.17, Orange County, Florida",949,84,821,107,50,79,191,89,222,89,151,81,69,36,39,31,99,56,0,136,0,136,128,82,0,136,47,45,70,54,6,10,0,136,0,136,5,9,0,136,0,136
1400000US12095016723,12095016723,"Census Tract 167.23, Orange County, Florida",1641,105,1334,110,42,65,109,87,262,113,278,89,150,86,163,93,137,64,121,54,72,74,307,117,0,136,110,88,134,97,44,59,19,29,0,136,0,136,0,136,0,136
1400000US12095016724,12095016724,"Census Tract 167.24, Orange County, Florida",1906,171,802,127,3,9,67,30,184,108,171,68,132,98,56,46,101,61,88,54,0,136,1104,181,125,100,590,177,143,94,115,86,79,62,26,39,26,30,0,136,0,136
1400000US12095016727,12095016727,"Census Tract 167.27, Orange County, Florida",3880,205,926,151,48,46,141,80,248,133,144,70,71,53,92,64,93,78,73,55,16,28,2954,245,905,198,1202,264,420,145,257,133,85,80,59,63,9,15,17,27,0,136
1400000US12095016728,12095016728,"Census Tract 167.28, Orange County, Florida",1606,130,1469,123,44,35,143,70,307,109,527,133,118,67,145,77,174,52,11,21,0,136,137,88,9,16,54,54,47,66,0,136,20,27,0,136,0,136,7,11,0,136
1400000US12095016729,12095016729,"Census Tract 167.29, Orange County, Florida",4831,199,3028,252,14,22,382,120,916,169,862,186,388,125,146,85,219,72,77,55,24,27,1803,235,435,167,450,133,555,209,238,130,22,27,56,58,47,57,0,136,0,136
1400000US12095016730,12095016730,"Census Tract 167.30, Orange County, Florida",8670,323,6886,352,202,123,1237,230,2413,245,1941,253,357,100,328,150,325,107,41,38,42,67,1784,314,429,178,508,155,534,152,145,92,102,91,52,55,0,136,14,22,0,136
1400000US12095016731,12095016731,"Census Tract 167.31, Orange County, Florida",1022,122,746,129,14,17,269,90,158,97,188,80,33,34,15,25,69,23,0,136,0,136,276,119,35,37,93,84,47,50,74,73,3,9,24,31,0,136,0,136,0,136
1400000US12095016732,12095016732,"Census Tract 167.32, Orange County, Florida",4776,196,3921,272,60,50,749,221,992,164,940,194,551,181,302,119,197,74,83,55,47,49,855,226,230,112,405,199,119,77,61,52,26,30,0,136,14,23,0,136,0,136
1400000US12095016733,12095016733,"Census Tract 167.33, Orange County, Florida",1938,176,1777,180,50,79,265,89,328,114,304,99,144,78,108,67,303,119,178,70,97,63,161,92,0,136,62,67,43,42,13,20,0,136,0,136,13,22,14,22,16,27
1400000US12095016734,12095016734,"Census Tract 167.34, Orange County, Florida",3719,195,2622,258,28,32,553,185,625,171,439,133,252,119,331,128,313,119,54,40,27,38,1097,251,157,98,272,147,347,161,240,102,54,41,22,30,0,136,5,8,0,136
1400000US12095016802,12095016802,"Census Tract 168.02, Orange County, Florida",1781,145,1347,126,0,136,188,87,439,91,312,102,74,40,178,78,129,49,27,30,0,136,434,135,0,136,88,57,243,128,52,44,23,29,19,23,9,15,0,136,0,136
1400000US12095016803,12095016803,"Census Tract 168.03, Orange County, Florida",883,109,634,109,6,11,42,37,227,91,163,81,40,32,51,43,81,60,24,27,0,136,249,97,37,39,21,23,49,40,55,55,34,38,26,31,10,15,17,23,0,136
1400000US12095016804,12095016804,"Census Tract 168.04, Orange County, Florida",1428,103,1157,110,0,136,282,103,329,111,239,82,146,68,76,45,44,31,41,34,0,136,271,101,0,136,105,73,86,63,53,52,27,27,0,136,0,136,0,136,0,136
1400000US12095016806,12095016806,"Census Tract 168.06, Orange County, Florida",3505,211,2272,221,29,34,407,136,452,157,682,174,188,59,234,96,195,97,76,50,9,14,1233,239,239,136,237,103,489,180,120,94,117,102,11,18,12,20,8,13,0,136
1400000US12095016807,12095016807,"Census Tract 168.07, Orange County, Florida",4620,248,3368,258,59,70,512,152,772,199,944,188,335,142,268,96,325,127,125,67,28,32,1252,247,99,84,367,153,316,167,269,138,109,100,55,56,14,22,0,136,23,36
1400000US12095016902,12095016902,"Census Tract 169.02, Orange County, Florida",1584,94,712,112,26,43,78,58,122,69,151,77,120,71,39,36,129,57,40,27,7,12,872,130,87,71,238,88,301,128,115,75,44,48,43,41,39,47,0,136,5,9
1400000US12095016903,12095016903,"Census Tract 169.03, Orange County, Florida",4153,222,1062,187,22,34,52,72,207,100,327,119,153,90,58,57,172,81,53,44,18,27,3091,277,432,152,1055,238,732,204,556,194,65,63,205,115,20,29,26,30,0,136
1400000US12095016904,12095016904,"Census Tract 169.04, Orange County, Florida",1144,131,603,121,24,28,54,50,73,74,166,82,125,71,57,45,75,55,9,14,20,29,541,134,78,59,107,80,88,68,58,51,93,66,53,43,54,45,10,17,0,136
1400000US12095016906,12095016906,"Census Tract 169.06, Orange County, Florida",1442,156,174,69,0,136,56,41,19,23,14,21,65,55,0,136,11,18,9,17,0,136,1268,160,120,88,584,182,247,108,215,102,63,60,13,21,18,18,0,136,8,14
1400000US12095016907,12095016907,"Census Tract 169.07, Orange County, Florida",1983,152,228,102,0,136,0,136,49,57,152,89,0,136,11,18,6,14,10,17,0,136,1755,179,172,122,652,180,311,119,369,116,58,40,126,79,18,24,49,54,0,136
1400000US12095017001,12095017001,"Census Tract 170.01, Orange County, Florida",794,95,612,100,11,28,42,42,89,48,148,74,83,65,60,49,101,43,64,60,14,23,182,90,23,38,0,136,97,70,55,47,7,13,0,136,0,136,0,136,0,136
1400000US12095017004,12095017004,"Census Tract 170.04, Orange County, Florida",2081,192,1191,173,61,70,76,59,134,94,222,108,113,72,112,67,90,57,190,79,193,87,890,207,231,125,223,120,200,135,134,120,15,25,30,32,57,68,0,136,0,136
1400000US12095017006,12095017006,"Census Tract 170.06, Orange County, Florida",1367,115,580,111,0,136,57,51,238,68,154,73,72,57,46,42,13,19,0,136,0,136,787,149,110,77,240,91,179,95,175,98,23,26,47,59,0,136,13,21,0,136
1400000US12095017008,12095017008,"Census Tract 170.08, Orange County, Florida",2731,214,1576,223,38,45,217,124,292,123,444,117,147,106,130,84,212,113,53,44,43,46,1155,244,198,108,498,191,76,77,210,103,71,77,0,136,34,41,53,48,15,23
1400000US12095017011,12095017011,"Census Tract 170.11, Orange County, Florida",1888,83,1521,137,25,27,239,122,262,97,518,141,98,74,174,76,147,65,42,44,16,24,367,126,0,136,76,62,73,76,64,60,31,42,37,32,46,52,23,26,17,17
1400000US12095017012,12095017012,"Census Tract 170.12, Orange County, Florida",850,104,691,125,0,136,38,46,111,75,165,73,153,66,61,43,157,88,6,11,0,136,159,63,0,136,78,67,43,51,38,37,0,136,0,136,0,136,0,136,0,136
1400000US12095017013,12095017013,"Census Tract 170.13, Orange County, Florida",2444,156,1552,163,29,34,103,72,272,112,506,132,307,121,138,78,159,77,38,35,0,136,892,189,45,44,264,126,319,139,229,134,22,27,13,23,0,136,0,136,0,136
1400000US12095017014,12095017014,"Census Tract 170.14, Orange County, Florida",4336,261,1810,212,12,21,264,137,413,130,465,146,120,53,217,114,235,94,84,68,0,136,2526,267,265,143,1095,227,644,165,319,142,85,75,34,32,41,38,43,45,0,136
1400000US12095017015,12095017015,"Census Tract 170.15, Orange County, Florida",2265,196,1592,155,0,136,41,35,443,109,645,154,159,93,155,83,110,48,39,37,0,136,673,153,60,44,152,99,187,94,94,73,40,53,33,32,20,25,87,78,0,136
1400000US12095017016,12095017016,"Census Tract 170.16, Orange County, Florida",2935,183,2256,190,0,136,155,70,504,160,664,160,277,109,132,88,294,95,190,80,40,39,679,185,97,65,248,102,204,132,86,80,0,136,18,26,0,136,12,22,14,23
1400000US12095017017,12095017017,"Census Tract 170.17, Orange County, Florida",2444,269,68,51,0,136,28,32,13,21,0,136,3,18,0,136,14,22,0,136,10,18,2376,269,501,166,864,221,458,158,342,157,97,69,45,41,52,53,17,26,0,136
1400000US12095017103,12095017103,"Census Tract 171.03, Orange County, Florida",3465,255,1720,206,53,70,367,101,350,125,368,112,144,63,188,78,159,73,77,50,14,23,1745,237,222,136,628,166,452,139,140,78,104,87,41,34,83,94,38,30,37,40
1400000US12095017104,12095017104,"Census Tract 171.04, Orange County, Florida",6924,257,6133,302,56,45,828,166,2384,294,1435,245,395,120,383,126,382,118,217,83,53,43,791,226,106,106,184,86,112,92,260,120,23,27,91,79,15,24,0,136,0,136
1400000US12095017105,12095017105,"Census Tract 171.05, Orange County, Florida",3375,216,2816,221,11,18,349,125,1026,176,757,190,180,82,189,67,221,78,77,41,6,10,559,164,55,57,66,47,176,77,207,117,36,35,9,14,10,18,0,136,0,136
1400000US12095017107,12095017107,"Census Tract 171.07, Orange County, Florida",2605,202,2080,184,0,136,129,70,460,124,671,159,302,120,210,93,210,77,87,57,11,17,525,172,18,21,199,105,79,82,84,84,84,84,18,22,28,38,15,23,0,136
1400000US12095017108,12095017108,"Census Tract 171.08, Orange County, Florida",2205,163,1700,163,11,18,116,96,552,104,297,112,250,111,182,84,165,55,127,77,0,136,505,132,23,37,213,110,176,111,34,39,48,73,11,18,0,136,0,136,0,136
1400000US12095017109,12095017109,"Census Tract 171.09, Orange County, Florida",2147,121,2037,144,0,136,80,55,361,114,599,166,363,127,190,73,220,76,137,73,87,55,110,81,0,136,21,35,29,47,38,48,10,16,12,20,0,136,0,136,0,136
1400000US12095017200,12095017200,"Census Tract 172, Orange County, Florida",995,93,568,106,0,136,100,52,85,44,182,61,39,26,65,33,37,28,51,36,9,12,427,72,39,39,170,73,65,47,59,43,9,14,31,34,36,38,18,20,0,136
1400000US12095017300,12095017300,"Census Tract 173, Orange County, Florida",3708,213,2094,197,13,21,196,86,401,159,478,127,176,87,191,100,257,80,323,93,59,41,1614,216,230,125,463,191,363,187,215,112,102,84,44,38,49,47,81,59,67,54
1400000US12095017400,12095017400,"Census Tract 174, Orange County, Florida",3314,266,2675,311,0,136,665,220,557,135,411,136,263,106,179,81,413,152,167,71,20,25,639,211,26,30,217,133,173,101,95,77,19,31,79,86,16,26,14,21,0,136
1400000US12095017501,12095017501,"Census Tract 175.01, Orange County, Florida",2902,227,2183,236,31,44,258,138,567,167,440,144,203,83,265,141,294,109,79,57,46,40,719,213,24,39,202,127,170,118,189,130,38,38,0,136,77,57,19,29,0,136
1400000US12095017503,12095017503,"Census Tract 175.03, Orange County, Florida",2291,120,1228,127,9,15,98,71,257,105,301,134,201,93,110,65,222,56,30,34,0,136,1063,144,198,118,354,151,160,95,189,118,86,73,0,136,62,63,0,136,14,21
1400000US12095017504,12095017504,"Census Tract 175.04, Orange County, Florida",2823,163,2457,185,17,28,419,145,781,190,640,164,157,70,123,64,182,71,109,58,29,31,366,168,53,83,121,111,90,88,35,33,56,73,0,136,11,20,0,136,0,136
1400000US12095017600,12095017600,"Census Tract 176, Orange County, Florida",1432,165,782,165,49,54,61,61,172,88,151,66,79,42,36,35,154,74,54,49,26,29,650,167,68,68,135,79,111,73,120,72,65,54,65,59,86,58,0,136,0,136
1400000US12095017701,12095017701,"Census Tract 177.01, Orange County, Florida",1778,118,1550,154,24,27,264,89,293,84,395,102,73,49,232,103,208,58,51,36,10,16,228,99,35,53,123,71,37,43,9,14,18,28,6,11,0,136,0,136,0,136
1400000US12095017702,12095017702,"Census Tract 177.02, Orange County, Florida",831,62,743,80,0,136,29,32,235,64,206,79,81,57,63,37,102,62,27,28,0,136,88,58,12,22,14,22,12,20,23,26,27,42,0,136,0,136,0,136,0,136
1400000US12095017703,12095017703,"Census Tract 177.03, Orange County, Florida",1463,156,1016,133,12,19,190,96,248,110,129,60,182,82,43,40,104,55,85,54,23,22,447,146,23,27,142,102,79,77,71,69,18,20,10,15,69,47,35,28,0,136
1400000US12095017802,12095017802,"Census Tract 178.02, Orange County, Florida",4876,231,4265,251,43,56,694,177,1060,201,800,160,479,155,263,87,479,99,370,96,77,71,611,230,48,65,206,131,27,31,195,121,44,41,11,17,64,62,16,25,0,136
1400000US12095017804,12095017804,"Census Tract 178.04, Orange County, Florida",3019,188,2764,189,0,136,434,157,689,191,885,207,287,120,141,74,218,74,92,58,18,29,255,133,25,37,112,115,21,33,5,9,20,32,25,31,30,35,17,28,0,136
1400000US12095017805,12095017805,"Census Tract 178.05, Orange County, Florida",1118,71,963,86,22,31,158,76,181,73,314,93,82,46,82,50,105,44,12,13,7,12,155,87,31,48,55,56,45,55,9,15,0,136,0,136,7,12,8,13,0,136
1400000US12095017806,12095017806,"Census Tract 178.06, Orange County, Florida",1691,68,1617,80,9,15,148,65,363,94,467,113,175,69,213,79,185,43,57,33,0,136,74,52,0,136,27,25,37,42,0,136,10,17,0,136,0,136,0,136,0,136
1400000US12095017807,12095017807,"Census Tract 178.07, Orange County, Florida",1167,96,919,126,49,48,136,80,234,89,146,74,126,75,100,49,81,45,38,34,9,13,248,96,59,42,41,42,79,62,63,50,0,136,6,12,0,136,0,136,0,136
1400000US12095017808,12095017808,"Census Tract 178.08, Orange County, Florida",1420,71,1258,101,9,15,154,70,243,83,285,93,160,64,132,57,132,45,132,51,11,17,162,68,28,46,7,12,25,26,58,60,26,43,18,26,0,136,0,136,0,136
1400000US12095017901,12095017901,"Census Tract 179.01, Orange County, Florida",855,117,737,106,27,43,59,53,87,44,206,83,157,59,58,35,88,40,46,40,9,15,118,75,20,24,18,31,38,47,34,39,8,12,0,136,0,136,0,136,0,136
1400000US12095017902,12095017902,"Census Tract 179.02, Orange County, Florida",2226,192,2016,210,0,136,45,51,144,80,199,86,247,135,172,94,617,152,393,99,199,91,210,102,0,136,98,88,18,24,16,26,18,28,0,136,28,34,0,136,32,35
1400000US12095018000,12095018000,"Census Tract 180, Orange County, Florida",1166,113,500,96,0,136,50,43,54,43,126,61,60,44,50,37,108,54,25,28,27,24,666,121,19,24,277,115,142,71,141,78,28,40,27,27,13,16,11,13,8,13
1400000US12095018100,12095018100,"Census Tract 181, Orange County, Florida",1158,96,1038,108,0,136,132,64,300,92,256,76,60,44,64,38,130,42,75,43,21,22,120,73,0,136,16,23,0,136,89,66,0,136,0,136,0,136,15,22,0,136
1400000US12095018200,12095018200,"Census Tract 182, Orange County, Florida",3641,189,1605,172,15,17,237,91,439,135,339,90,231,63,112,46,147,69,78,52,7,14,2036,229,192,85,652,157,548,180,362,128,99,67,64,53,84,72,26,28,9,16
1400000US12095018300,12095018300,"Census Tract 183, Orange County, Florida",990,103,418,97,0,136,40,45,84,70,90,54,34,31,48,47,36,32,72,43,14,21,572,110,0,136,76,63,98,61,155,77,92,66,47,39,47,45,34,31,23,26
1400000US12095018400,12095018400,"Census Tract 184, Orange County, Florida",1075,94,615,80,0,136,85,64,142,61,116,67,54,43,61,39,44,31,104,67,9,15,460,108,0,136,157,84,46,45,0,136,0,136,51,57,72,62,99,47,35,34
1400000US12095018500,12095018500,"Census Tract 185, Orange County, Florida",1079,125,367,114,0,136,5,14,53,49,133,73,70,48,24,28,54,34,28,30,0,136,712,159,11,17,124,97,164,79,318,156,45,41,37,35,13,24,0,136,0,136
1400000US12095018700,12095018700,"Census Tract 187, Orange County, Florida",2265,124,738,105,0,136,49,41,44,30,152,81,117,65,103,63,143,64,99,46,31,29,1527,159,198,89,355,107,324,114,161,75,106,59,58,45,185,73,108,62,32,39
1400000US12095018800,12095018800,"Census Tract 188, Orange County, Florida",1475,150,590,128,0,136,137,78,186,68,95,70,73,47,66,48,29,18,0,136,4,7,885,187,49,50,476,168,151,100,147,86,23,24,18,19,6,10,15,16,0,136
1400000US12095018900,12095018900,"Census Tract 189, Orange County, Florida",2953,244,767,174,23,28,151,91,119,78,223,98,73,50,38,37,75,43,22,27,43,34,2186,258,234,109,476,118,243,119,111,77,186,94,87,59,311,99,362,105,176,89
1400000US12095990000,12095990000,"Census Tract 9900, Orange County, Florida",0,136,0,136,0,136,0,136,0,136,0,136,0,136,0,136,0,136,0,136,0,136,0,136,0,136,0,136,0,136,0,136,0,136,0,136,0,136,0,136,0,136
